atclNm,bildNm,flrInfo,spc2,tradTpNm,prcInfo,date
평창리비에르2차,210동,6/18,84.55,매매,30000,2022-05-18
평창리비에르2차,205동,5/18,84.55,매매,30500,2022-05-18
평창리비에르2차,221동,9/18,84.55,매매,40000,2022-05-18
평창리비에르2차,210동,저/18,84.55,매매,33000,2022-05-18
평창리비에르2차,206동,고/18,84.55,매매,33000,2022-05-18
평창리비에르2차,219동,저/18,84.55,매매,32000,2022-05-18
평창리비에르2차,217동,4/18,84.55,매매,36000,2022-05-18
평창리비에르2차,201동,16/18,84.55,매매,36500,2022-05-18
평창리비에르2차,212동,10/18,84.55,매매,35000,2022-05-18
평창리비에르2차,223동,7/18,84.55,매매,36000,2022-05-18
평창리비에르2차,206동,17/18,84.55,매매,32000,2022-05-18
평창리비에르2차,214동,고/18,84.55,매매,34500,2022-05-18
평창리비에르2차,221동,9/18,84.55,매매,39500,2022-05-18
평창리비에르2차,205동,고/18,84.55,매매,34000,2022-05-18
평창리비에르2차,209동,저/18,84.55,매매,32000,2022-05-18
평창리비에르2차,213동,14/18,71.54,매매,28000,2022-05-18
평창리비에르2차,201동,6/18,84.55,매매,34000,2022-05-18
평창리비에르2차,211동,저/18,84.55,매매,30000,2022-05-18
평창리비에르2차,213동,13/18,71.54,매매,28000,2022-05-18
평창리비에르2차,215동,중/18,84.55,매매,35500,2022-05-18
평창리비에르2차,219동,12/18,84.55,매매,37300,2022-05-18
평창리비에르2차,201동,고/18,84.55,매매,35000,2022-05-18
평창리비에르2차,213동,고/18,71.54,매매,28500,2022-05-18
평창리비에르2차,216동,저/18,84.55,매매,32000,2022-05-18
평창리비에르2차,214동,7/18,84.55,매매,36000,2022-05-18
평창리비에르2차,211동,저/18,84.55,매매,30500,2022-05-18
평창리비에르2차,210동,16/18,84.55,매매,36000,2022-05-18
평창리비에르2차,216동,저/18,84.55,매매,36000,2022-05-18
평창리비에르2차,207동,저/18,71.54,매매,26300,2022-05-18
평창리비에르2차,220동,3/18,71.54,매매,30000,2022-05-18
평창리비에르2차,214동,저/18,84.55,전세,28000,2022-05-18
평창리비에르2차,210동,중/18,84.55,매매,33500,2022-05-18
평창리비에르2차,202동,고/18,84.55,매매,31000,2022-05-18
평창리비에르2차,210동,저/18,84.55,매매,35000,2022-05-18
평창리비에르2차,210동,4/18,84.55,매매,32000,2022-05-18
평창리비에르2차,219동,중/18,84.55,매매,36000,2022-05-18
평창리비에르2차,214동,4/18,84.55,매매,30000,2022-05-18
평창리비에르2차,211동,11/18,84.55,매매,33500,2022-05-18
평창리비에르2차,207동,16/18,71.54,매매,27000,2022-05-18
평창리비에르2차,206동,저/18,84.55,매매,32500,2022-05-18
평창리비에르2차,204동,13/18,84.55,매매,33500,2022-05-18
평창리비에르2차,223동,중/18,84.55,매매,37000,2022-05-18
평창리비에르2차,220동,저/18,71.54,매매,30000,2022-05-18
평창리비에르2차,211동,2/18,84.55,매매,30000,2022-05-18
평창리비에르2차,217동,저/18,84.55,매매,36000,2022-05-18
평창리비에르2차,214동,저/18,84.55,전세,28000,2022-05-18
평창리비에르2차,213동,고/18,71.54,매매,28700,2022-05-18
평창리비에르2차,214동,중/18,84.55,매매,36000,2022-05-18
평창리비에르2차,205동,고/18,84.55,매매,34000,2022-05-18
평창리비에르2차,211동,중/18,84.55,매매,33000,2022-05-18
평창리비에르2차,219동,저/18,84.55,매매,32000,2022-05-18
평창리비에르2차,209동,저/18,84.55,매매,31000,2022-05-18
평창리비에르2차,210동,고/18,84.55,매매,36000,2022-05-18
평창리비에르2차,217동,고/18,84.55,매매,36500,2022-05-18
화봉쌍용예가,102동,1/11,84.98,매매,47000,2022-05-18
화봉쌍용예가,114동,4/9,84.98,매매,50000,2022-05-18
화봉쌍용예가,112동,6/9,84.98,매매,46000,2022-05-18
화봉쌍용예가,101동,3/10,84.98,매매,49000,2022-05-18
화봉쌍용예가,102동,6/11,84.98,매매,48000,2022-05-18
화봉쌍용예가,101동,고/10,84.98,매매,48900,2022-05-18
화봉쌍용예가,109동,저/10,84.98,매매,48000,2022-05-18
화봉쌍용예가,111동,2/9,84.96,매매,48000,2022-05-18
화봉쌍용예가,108동,4/9,84.98,매매,49000,2022-05-18
화봉쌍용예가,110동,고/10,84.96,매매,52000,2022-05-18
화봉쌍용예가,112동,중/9,84.98,매매,48000,2022-05-18
화봉쌍용예가,113동,중/10,84.98,매매,51500,2022-05-18
화봉쌍용예가,113동,저/10,84.98,매매,50000,2022-05-18
화봉쌍용예가,109동,고/10,84.98,매매,53000,2022-05-18
화봉쌍용예가,108동,저/9,84.98,매매,48500,2022-05-18
화봉쌍용예가,102동,7/11,84.98,매매,50000,2022-05-18
화봉쌍용예가,105동,고/10,84.98,매매,48500,2022-05-18
화봉쌍용예가,108동,고/9,84.98,매매,52000,2022-05-18
화봉쌍용예가,106동,고/11,84.98,매매,49700,2022-05-18
화봉쌍용예가,101동,중/10,84.96,매매,53000,2022-05-18
화봉쌍용예가,106동,중/11,84.98,매매,48000,2022-05-18
화봉쌍용예가,112동,저/9,84.98,매매,46000,2022-05-18
화봉쌍용예가,114동,저/9,84.98,매매,48000,2022-05-18
화봉쌍용예가,110동,저/10,84.96,매매,49000,2022-05-18
화봉쌍용예가,101동,저/10,84.98,매매,46500,2022-05-18
화봉쌍용예가,112동,저/9,84.98,매매,47000,2022-05-18
화봉쌍용예가,105동,고/10,84.98,매매,50000,2022-05-18
화봉쌍용예가,110동,고/10,84.96,매매,52000,2022-05-18
화봉쌍용예가,109동,고/10,84.98,매매,53000,2022-05-18
화봉쌍용예가,112동,중/9,84.98,매매,46000,2022-05-18
화봉쌍용예가,106동,중/11,84.98,매매,48000,2022-05-18
화봉쌍용예가,111동,저/9,84.96,매매,48000,2022-05-18
화봉쌍용예가,114동,중/9,84.98,매매,49000,2022-05-18
화봉쌍용예가,112동,1/9,84.98,매매,47000,2022-05-18
화봉쌍용예가,113동,4/10,84.98,매매,51500,2022-05-18
화봉쌍용예가,102동,중/11,84.98,매매,48000,2022-05-18
번영로하늘채센트럴파크,105동,8/27,84.96,전세,45000,2022-05-18
번영로하늘채센트럴파크,107동,5/27,59.91,전세,35000,2022-05-18
번영로하늘채센트럴파크,101동,3/27,74.7,전세,34500,2022-05-18
번영로하늘채센트럴파크,102동,3/27,84.96,전세,40000,2022-05-18
번영로하늘채센트럴파크,102동,5/27,84.96,전세,38000,2022-05-18
번영로하늘채센트럴파크,103동,23/27,84.96,전세,45000,2022-05-18
번영로하늘채센트럴파크,103동,고/27,74.7,전세,40000,2022-05-18
번영로하늘채센트럴파크,101동,9/27,84.96,전세,45000,2022-05-18
번영로하늘채센트럴파크,108동,저/27,74.7,매매,68410,2022-05-18
번영로하늘채센트럴파크,111동,13/27,59.91,전세,34000,2022-05-18
번영로하늘채센트럴파크,108동,10/27,59.91,전세,35000,2022-05-18
번영로하늘채센트럴파크,102동,18/27,74.7,전세,36000,2022-05-18
번영로하늘채센트럴파크,102동,3/27,74.7,전세,35000,2022-05-18
번영로하늘채센트럴파크,109동,18/27,59.91,전세,35000,2022-05-18
번영로하늘채센트럴파크,102동,5/27,84.96,전세,45000,2022-05-18
번영로하늘채센트럴파크,106동,16/27,84.98,전세,45000,2022-05-18
번영로하늘채센트럴파크,102동,26/27,74.7,전세,35000,2022-05-18
번영로하늘채센트럴파크,106동,15/27,84.98,전세,40000,2022-05-18
번영로하늘채센트럴파크,106동,11/27,84.93,전세,40000,2022-05-18
번영로하늘채센트럴파크,109동,7/27,59.91,전세,32000,2022-05-18
번영로하늘채센트럴파크,111동,14/27,59.91,전세,34000,2022-05-18
번영로하늘채센트럴파크,102동,2/27,74.7,전세,40000,2022-05-18
번영로하늘채센트럴파크,108동,19/27,59.91,월세,10085,2022-05-18
번영로하늘채센트럴파크,102동,18/27,74.7,전세,45000,2022-05-18
번영로하늘채센트럴파크,103동,22/27,74.7,월세,5000999120,2022-05-18
번영로하늘채센트럴파크,111동,15/27,59.91,전세,32000,2022-05-18
번영로하늘채센트럴파크,103동,13/27,74.7,전세,45000,2022-05-18
번영로하늘채센트럴파크,101동,5/27,84.96,월세,20080,2022-05-18
번영로하늘채센트럴파크,107동,19/27,59.91,전세,33000,2022-05-18
번영로하늘채센트럴파크,103동,2/27,84.96,월세,5000999140,2022-05-18
번영로하늘채센트럴파크,110동,2/27,59.91,전세,32000,2022-05-18
번영로하늘채센트럴파크,103동,23/27,74.7,전세,35000,2022-05-18
번영로하늘채센트럴파크,107동,4/27,59.91,전세,32000,2022-05-18
번영로하늘채센트럴파크,103동,7/27,74.7,전세,40000,2022-05-18
번영로하늘채센트럴파크,101동,6/27,74.7,전세,42000,2022-05-18
번영로하늘채센트럴파크,104동,12/27,74.7,월세,3000999120,2022-05-18
번영로하늘채센트럴파크,108동,15/27,59.91,월세,20050,2022-05-18
번영로하늘채센트럴파크,102동,3/27,84.96,전세,38000,2022-05-18
번영로하늘채센트럴파크,103동,17/27,74.7,전세,40000,2022-05-18
번영로하늘채센트럴파크,102동,12/27,84.96,전세,41500,2022-05-18
번영로하늘채센트럴파크,106동,6/27,84.98,전세,43500,2022-05-18
번영로하늘채센트럴파크,101동,15/27,84.96,전세,47000,2022-05-18
번영로하늘채센트럴파크,107동,19/27,59.91,전세,34000,2022-05-18
번영로하늘채센트럴파크,107동,2/27,59.91,전세,35000,2022-05-18
번영로하늘채센트럴파크,111동,10/27,59.91,전세,35000,2022-05-18
번영로하늘채센트럴파크,104동,7/27,84.96,전세,48000,2022-05-18
번영로하늘채센트럴파크,103동,2/27,84.96,전세,50000,2022-05-18
번영로하늘채센트럴파크,105동,26/27,84.93,전세,41000,2022-05-18
번영로하늘채센트럴파크,105동,15/27,84.93,전세,43000,2022-05-18
번영로하늘채센트럴파크,103동,14/27,74.7,전세,42000,2022-05-18
번영로하늘채센트럴파크,101동,16/27,84.96,전세,50000,2022-05-18
번영로하늘채센트럴파크,107동,18/27,59.91,전세,33000,2022-05-18
번영로하늘채센트럴파크,103동,26/27,74.7,전세,40000,2022-05-18
번영로하늘채센트럴파크,106동,20/27,84.93,전세,42000,2022-05-18
번영로하늘채센트럴파크,107동,4/27,59.91,전세,35000,2022-05-18
번영로하늘채센트럴파크,103동,5/27,74.7,전세,42000,2022-05-18
번영로하늘채센트럴파크,108동,3/27,59.91,전세,34000,2022-05-18
번영로하늘채센트럴파크,105동,5/27,84.96,전세,40000,2022-05-18
번영로하늘채센트럴파크,101동,15/27,84.96,전세,40000,2022-05-18
번영로하늘채센트럴파크,104동,17/27,74.7,월세,3000999120,2022-05-18
번영로하늘채센트럴파크,103동,7/27,74.7,월세,20080,2022-05-18
번영로하늘채센트럴파크,111동,2/27,59.91,전세,35000,2022-05-18
번영로하늘채센트럴파크,108동,15/27,59.91,전세,35000,2022-05-18
번영로하늘채센트럴파크,105동,4/27,84.93,전세,45000,2022-05-18
번영로하늘채센트럴파크,102동,5/27,74.7,전세,40000,2022-05-18
번영로하늘채센트럴파크,111동,3/27,59.91,월세,5000999100,2022-05-18
번영로하늘채센트럴파크,102동,19/27,84.96,전세,45000,2022-05-18
번영로하늘채센트럴파크,104동,6/27,84.96,전세,42000,2022-05-18
번영로하늘채센트럴파크,104동,19/27,74.7,월세,510080,2022-05-18
번영로하늘채센트럴파크,105동,14/27,84.96,전세,50000,2022-05-18
번영로하늘채센트럴파크,103동,4/27,74.7,전세,35000,2022-05-18
번영로하늘채센트럴파크,101동,9/27,84.96,전세,45000,2022-05-18
번영로하늘채센트럴파크,106동,18/27,84.98,전세,40000,2022-05-18
번영로하늘채센트럴파크,105동,25/27,84.96,전세,45000,2022-05-18
번영로하늘채센트럴파크,105동,2/27,74.7,전세,38000,2022-05-18
번영로하늘채센트럴파크,108동,24/27,74.7,전세,37000,2022-05-18
번영로하늘채센트럴파크,104동,7/27,74.7,전세,36000,2022-05-18
번영로하늘채센트럴파크,108동,26/27,74.7,전세,37000,2022-05-18
번영로하늘채센트럴파크,108동,3/27,59.91,전세,31000,2022-05-18
번영로하늘채센트럴파크,107동,8/27,59.91,전세,32000,2022-05-18
번영로하늘채센트럴파크,105동,22/27,84.96,전세,50000,2022-05-18
번영로하늘채센트럴파크,107동,16/27,59.91,전세,32000,2022-05-18
번영로하늘채센트럴파크,108동,23/27,59.91,전세,33000,2022-05-18
번영로하늘채센트럴파크,101동,4/27,74.7,전세,40000,2022-05-18
번영로하늘채센트럴파크,109동,14/27,59.91,전세,32000,2022-05-18
번영로하늘채센트럴파크,102동,4/27,84.96,전세,40000,2022-05-18
번영로하늘채센트럴파크,102동,4/27,84.96,전세,41000,2022-05-18
번영로하늘채센트럴파크,105동,25/27,84.93,전세,40000,2022-05-18
번영로하늘채센트럴파크,111동,12/27,59.91,전세,36000,2022-05-18
번영로하늘채센트럴파크,104동,22/27,74.7,전세,41000,2022-05-18
번영로하늘채센트럴파크,110동,10/27,59.91,전세,33000,2022-05-18
번영로하늘채센트럴파크,111동,16/27,59.91,전세,35000,2022-05-18
번영로하늘채센트럴파크,111동,2/27,59.91,월세,20050,2022-05-18
번영로하늘채센트럴파크,104동,16/27,84.96,월세,5000999130,2022-05-18
번영로하늘채센트럴파크,111동,11/27,59.91,전세,31000,2022-05-18
번영로하늘채센트럴파크,104동,2/27,84.96,전세,50000,2022-05-18
번영로하늘채센트럴파크,104동,24/27,84.96,전세,42000,2022-05-18
번영로하늘채센트럴파크,107동,20/27,59.91,전세,33000,2022-05-18
번영로하늘채센트럴파크,108동,3/27,59.91,전세,31000,2022-05-18
번영로하늘채센트럴파크,105동,24/27,84.93,전세,40000,2022-05-18
번영로하늘채센트럴파크,109동,6/27,59.91,전세,33000,2022-05-18
번영로하늘채센트럴파크,101동,13/27,74.7,전세,35000,2022-05-18
번영로하늘채센트럴파크,111동,4/27,59.91,전세,32000,2022-05-18
번영로하늘채센트럴파크,106동,9/27,84.93,전세,44000,2022-05-18
번영로하늘채센트럴파크,103동,2/27,74.7,월세,5000999140,2022-05-18
번영로하늘채센트럴파크,101동,12/27,84.96,전세,45000,2022-05-18
번영로하늘채센트럴파크,104동,4/27,84.96,전세,43000,2022-05-18
번영로하늘채센트럴파크,102동,3/27,84.96,월세,20075,2022-05-18
번영로하늘채센트럴파크,106동,7/27,84.93,전세,42000,2022-05-18
번영로하늘채센트럴파크,110동,12/27,59.91,전세,32000,2022-05-18
번영로하늘채센트럴파크,106동,중/27,84.93,전세,40000,2022-05-18
번영로하늘채센트럴파크,102동,저/27,74.7,월세,5000999140,2022-05-18
번영로하늘채센트럴파크,107동,고/27,59.91,전세,32000,2022-05-18
번영로하늘채센트럴파크,109동,저/27,59.91,전세,35000,2022-05-18
번영로하늘채센트럴파크,110동,9/27,59.91,전세,30000,2022-05-18
번영로하늘채센트럴파크,102동,22/27,74.7,전세,39000,2022-05-18
번영로하늘채센트럴파크,104동,24/27,74.7,월세,6000999100,2022-05-18
번영로하늘채센트럴파크,107동,16/27,59.91,전세,33000,2022-05-18
번영로하늘채센트럴파크,104동,18/27,74.7,월세,20060,2022-05-18
번영로하늘채센트럴파크,108동,저/27,59.91,전세,30000,2022-05-18
번영로하늘채센트럴파크,102동,고/27,74.7,전세,38000,2022-05-18
번영로하늘채센트럴파크,102동,중/27,84.96,전세,40000,2022-05-18
번영로하늘채센트럴파크,104동,저/27,74.7,전세,41000,2022-05-18
번영로하늘채센트럴파크,101동,3/27,84.96,전세,45000,2022-05-18
번영로하늘채센트럴파크,103동,7/27,74.7,월세,10100,2022-05-18
번영로하늘채센트럴파크,110동,9/27,59.91,월세,5000999100,2022-05-18
번영로하늘채센트럴파크,108동,19/27,59.91,전세,33000,2022-05-18
번영로하늘채센트럴파크,102동,10/27,74.7,전세,38000,2022-05-18
번영로하늘채센트럴파크,104동,26/27,74.7,전세,42000,2022-05-18
번영로하늘채센트럴파크,108동,17/27,59.91,전세,32000,2022-05-18
번영로하늘채센트럴파크,106동,2/27,84.93,전세,38000,2022-05-18
번영로하늘채센트럴파크,103동,6/27,84.96,전세,50000,2022-05-18
번영로하늘채센트럴파크,101동,저/27,84.96,전세,43000,2022-05-18
번영로하늘채센트럴파크,110동,저/27,59.91,전세,32000,2022-05-18
번영로하늘채센트럴파크,103동,고/27,74.7,전세,40000,2022-05-18
번영로하늘채센트럴파크,108동,중/27,59.91,전세,35000,2022-05-18
번영로하늘채센트럴파크,108동,중/27,74.7,전세,40000,2022-05-18
번영로하늘채센트럴파크,102동,고/27,84.96,전세,47000,2022-05-18
번영로하늘채센트럴파크,103동,19/27,74.7,전세,33000,2022-05-18
번영로하늘채센트럴파크,108동,고/27,59.91,전세,35000,2022-05-18
번영로하늘채센트럴파크,109동,저/27,59.91,전세,35000,2022-05-18
번영로하늘채센트럴파크,110동,저/27,59.91,월세,5000999100,2022-05-18
번영로하늘채센트럴파크,110동,중/27,59.91,전세,35000,2022-05-18
번영로하늘채센트럴파크,102동,22/27,74.7,월세,5000999130,2022-05-18
번영로하늘채센트럴파크,107동,고/27,59.91,전세,35000,2022-05-18
번영로하늘채센트럴파크,104동,중/27,84.96,전세,50000,2022-05-18
번영로하늘채센트럴파크,103동,저/27,74.7,전세,50000,2022-05-18
번영로하늘채센트럴파크,102동,저/27,74.7,월세,10085,2022-05-18
번영로하늘채센트럴파크,103동,26/27,84.96,전세,47000,2022-05-18
번영로하늘채센트럴파크,108동,2/27,59.91,전세,35000,2022-05-18
번영로하늘채센트럴파크,104동,고/27,84.96,전세,45000,2022-05-18
번영로하늘채센트럴파크,107동,고/27,59.91,월세,720050,2022-05-18
번영로하늘채센트럴파크,106동,저/27,84.93,전세,43000,2022-05-18
번영로하늘채센트럴파크,111동,중/27,59.91,전세,32000,2022-05-18
번영로하늘채센트럴파크,104동,26/27,84.96,전세,40000,2022-05-18
번영로하늘채센트럴파크,102동,12/27,84.96,전세,47000,2022-05-18
번영로하늘채센트럴파크,109동,중/27,59.91,월세,20060,2022-05-18
번영로하늘채센트럴파크,107동,15/27,59.91,전세,32000,2022-05-18
번영로하늘채센트럴파크,103동,20/27,74.7,월세,7000999100,2022-05-18
번영로하늘채센트럴파크,103동,저/27,74.7,월세,5000999100,2022-05-18
번영로하늘채센트럴파크,104동,고/27,84.96,전세,45000,2022-05-18
번영로하늘채센트럴파크,104동,2/27,74.7,전세,38000,2022-05-18
번영로하늘채센트럴파크,103동,9/27,84.96,전세,40000,2022-05-18
번영로하늘채센트럴파크,104동,저/27,74.7,전세,37000,2022-05-18
번영로하늘채센트럴파크,104동,저/27,74.7,전세,39000,2022-05-18
번영로하늘채센트럴파크,103동,중/27,84.96,전세,50000,2022-05-18
번영로하늘채센트럴파크,109동,19/27,59.91,전세,34000,2022-05-18
번영로하늘채센트럴파크,104동,23/27,74.7,전세,42000,2022-05-18
번영로하늘채센트럴파크,102동,중/27,84.96,전세,41000,2022-05-18
번영로하늘채센트럴파크,108동,4/27,59.91,전세,36000,2022-05-18
번영로하늘채센트럴파크,102동,고/27,74.7,전세,36000,2022-05-18
번영로하늘채센트럴파크,103동,중/27,84.93,전세,40000,2022-05-18
번영로하늘채센트럴파크,104동,중/27,84.96,전세,50000,2022-05-18
번영로하늘채센트럴파크,103동,저/27,74.7,전세,38000,2022-05-18
번영로하늘채센트럴파크,107동,13/27,59.91,월세,10080,2022-05-18
번영로하늘채센트럴파크,108동,6/27,59.91,전세,33000,2022-05-18
번영로하늘채센트럴파크,111동,5/27,59.91,전세,32000,2022-05-18
번영로하늘채센트럴파크,107동,19/27,59.91,월세,720050,2022-05-18
번영로하늘채센트럴파크,109동,11/27,59.91,전세,32000,2022-05-18
번영로하늘채센트럴파크,103동,고/27,84.96,전세,42000,2022-05-18
번영로하늘채센트럴파크,110동,저/27,59.91,월세,510070,2022-05-18
번영로하늘채센트럴파크,101동,9/27,74.7,전세,43000,2022-05-18
번영로하늘채센트럴파크,103동,고/27,84.96,전세,40000,2022-05-18
번영로하늘채센트럴파크,108동,중/27,74.7,전세,40000,2022-05-18
번영로하늘채센트럴파크,101동,중/27,74.7,전세,37000,2022-05-18
번영로하늘채센트럴파크,111동,중/27,59.91,전세,32000,2022-05-18
번영로하늘채센트럴파크,109동,저/27,59.91,전세,32000,2022-05-18
번영로하늘채센트럴파크,108동,저/27,59.91,전세,30000,2022-05-18
번영로하늘채센트럴파크,102동,저/27,84.96,전세,45000,2022-05-18
번영로하늘채센트럴파크,111동,중/27,59.91,전세,35000,2022-05-18
번영로하늘채센트럴파크,101동,12/27,74.7,전세,35000,2022-05-18
번영로하늘채센트럴파크,103동,고/27,74.7,월세,10080,2022-05-18
번영로하늘채센트럴파크,106동,3/27,84.93,전세,45000,2022-05-18
번영로하늘채센트럴파크,106동,고/27,84.93,전세,42000,2022-05-18
번영로하늘채센트럴파크,105동,고/27,84.96,전세,50000,2022-05-18
번영로하늘채센트럴파크,110동,중/27,59.91,전세,36000,2022-05-18
번영로하늘채센트럴파크,111동,중/27,59.91,전세,34000,2022-05-18
번영로하늘채센트럴파크,108동,중/27,59.91,전세,33000,2022-05-18
번영로하늘채센트럴파크,110동,저/27,59.91,전세,30000,2022-05-18
번영로하늘채센트럴파크,108동,17/27,59.91,월세,20050,2022-05-18
번영로하늘채센트럴파크,110동,중/27,59.91,전세,32000,2022-05-18
번영로하늘채센트럴파크,103동,고/27,84.96,전세,40000,2022-05-18
번영로하늘채센트럴파크,103동,중/27,84.96,전세,40000,2022-05-18
번영로하늘채센트럴파크,107동,중/27,59.91,전세,35000,2022-05-18
번영로하늘채센트럴파크,107동,20/27,59.91,월세,20060,2022-05-18
번영로하늘채센트럴파크,103동,중/27,84.96,매매,81730,2022-05-18
번영로하늘채센트럴파크,103동,중/27,74.7,전세,45000,2022-05-18
번영로하늘채센트럴파크,105동,저/27,84.96,전세,40000,2022-05-18
번영로하늘채센트럴파크,105동,중/27,84.93,전세,40000,2022-05-18
번영로하늘채센트럴파크,111동,저/27,59.91,전세,32000,2022-05-18
번영로하늘채센트럴파크,108동,중/27,74.7,전세,43000,2022-05-18
번영로하늘채센트럴파크,102동,고/27,74.7,전세,38000,2022-05-18
번영로하늘채센트럴파크,108동,고/27,59.91,전세,35000,2022-05-18
번영로하늘채센트럴파크,107동,중/23,59.91,전세,31000,2022-05-18
번영로하늘채센트럴파크,105동,저/27,84.96,전세,38000,2022-05-18
번영로하늘채센트럴파크,103동,저/27,74.7,월세,10100,2022-05-18
번영로하늘채센트럴파크,101동,3/27,74.7,전세,35000,2022-05-18
번영로하늘채센트럴파크,102동,저/27,84.96,전세,35000,2022-05-18
번영로하늘채센트럴파크,108동,고/26,59.91,전세,35000,2022-05-18
번영로하늘채센트럴파크,103동,중/27,74.7,월세,3000999120,2022-05-18
번영로하늘채센트럴파크,101동,고/27,84.96,전세,43000,2022-05-18
번영로하늘채센트럴파크,107동,고/27,59.91,전세,35000,2022-05-18
번영로하늘채센트럴파크,108동,19/26,59.91,월세,10080,2022-05-18
번영로하늘채센트럴파크,104동,26/27,84.96,전세,45000,2022-05-18
동부,102동,20/20,59.64,전세,27000,2022-05-18
동부,102동,18/20,59.64,매매,34000,2022-05-18
동부,102동,14/20,59.64,매매,33000,2022-05-18
동부,204동,20/20,59.64,매매,32500,2022-05-18
동부,304동,4/18,134.98,매매,57800,2022-05-18
동부,101동,13/20,59.64,매매,35000,2022-05-18
동부,105동,2/20,59.64,매매,32500,2022-05-18
동부,206동,9/20,59.64,매매,33000,2022-05-18
동부,201동,15/20,84.93,매매,44000,2022-05-18
동부,102동,13/20,59.64,매매,33000,2022-05-18
동부,203동,2/18,84.93,매매,44000,2022-05-18
동부,103동,3/20,104.23,매매,52000,2022-05-18
동부,305동,20/20,164.55,매매,61000,2022-05-18
동부,202동,8/18,59.64,매매,35500,2022-05-18
동부,301동,17/18,104.23,매매,49500,2022-05-18
동부,201동,19/20,84.93,매매,44000,2022-05-18
동부,201동,4/20,84.93,매매,42000,2022-05-18
동부,305동,중/20,164.55,전세,45000,2022-05-18
동부,205동,중/20,84.93,매매,41900,2022-05-18
동부,203동,14/18,84.93,매매,47500,2022-05-18
동부,102동,18/20,59.64,전세,27000,2022-05-18
동부,205동,4/20,84.93,매매,44000,2022-05-18
동부,301동,17/18,104.23,매매,48500,2022-05-18
동부,102동,고/20,59.64,매매,33500,2022-05-18
동부,204동,고/20,59.64,전세,26000,2022-05-18
동부,202동,7/18,84.93,매매,45000,2022-05-18
동부,201동,10/20,84.93,매매,44000,2022-05-18
동부,202동,1/18,59.64,매매,31000,2022-05-18
동부,304동,중/18,134.98,매매,57500,2022-05-18
동부,305동,고/20,164.55,월세,5000999200,2022-05-18
동부,203동,8/18,84.93,매매,43000,2022-05-18
동부,303동,중/20,104.23,매매,46500,2022-05-18
동부,202동,저/18,59.64,매매,33000,2022-05-18
동부,102동,18/20,59.64,매매,34000,2022-05-18
동부,102동,13/20,59.64,매매,33000,2022-05-18
동부,102동,14/20,59.64,매매,33000,2022-05-18
동부,203동,저/18,84.93,매매,44000,2022-05-18
동부,204동,20/20,59.64,매매,32500,2022-05-18
동부,206동,9/20,59.64,매매,33300,2022-05-18
동부,201동,4/20,84.93,매매,42000,2022-05-18
동부,103동,3/20,104.23,매매,52000,2022-05-18
동부,102동,고/20,59.64,매매,33500,2022-05-18
동부,202동,3/18,59.64,매매,33000,2022-05-18
동부,102동,20/20,59.64,전세,27000,2022-05-18
동부,205동,9/20,84.93,매매,41900,2022-05-18
대현더샵2단지,206동,3/18,84.91,매매,89000,2022-05-18
대현더샵2단지,207동,9/20,68.63,매매,73000,2022-05-18
대현더샵2단지,205동,17/31,84.85,매매,87000,2022-05-18
대현더샵2단지,207동,16/20,68.63,매매,74000,2022-05-18
대현더샵2단지,202동,13/31,84.91,매매,89000,2022-05-18
대현더샵2단지,205동,28/31,84.85,매매,93000,2022-05-18
대현더샵2단지,206동,13/18,68.63,매매,71000,2022-05-18
대현더샵2단지,208동,2/29,68.63,전세,45000,2022-05-18
대현더샵2단지,206동,6/18,68.63,매매,68000,2022-05-18
대현더샵2단지,207동,20/20,68.63,전세,40000,2022-05-18
대현더샵2단지,205동,12/31,84.91,매매,88000,2022-05-18
대현더샵2단지,205동,18/31,84.91,매매,90000,2022-05-18
대현더샵2단지,203동,24/31,84.91,매매,95000,2022-05-18
대현더샵2단지,207동,7/20,68.63,전세,39000,2022-05-18
대현더샵2단지,202동,31/31,121.52,매매,150000,2022-05-18
대현더샵2단지,207동,10/20,68.99,전세,38000,2022-05-18
대현더샵2단지,206동,10/18,68.63,매매,75000,2022-05-18
대현더샵2단지,205동,27/31,84.91,매매,98000,2022-05-18
대현더샵2단지,207동,8/20,68.63,매매,75000,2022-05-18
대현더샵2단지,203동,12/31,84.91,매매,95000,2022-05-18
대현더샵2단지,201동,22/25,84.91,매매,90000,2022-05-18
대현더샵2단지,202동,24/31,84.91,전세,53000,2022-05-18
대현더샵2단지,206동,4/18,68.63,전세,40000,2022-05-18
대현더샵2단지,206동,17/18,121.42,매매,150000,2022-05-18
대현더샵2단지,207동,2/20,68.99,매매,73500,2022-05-18
대현더샵2단지,205동,14/31,84.91,매매,90000,2022-05-18
대현더샵2단지,204동,29/31,84.82,매매,103000,2022-05-18
대현더샵2단지,204동,24/31,84.82,매매,92000,2022-05-18
대현더샵2단지,201동,11/25,84.91,매매,91000,2022-05-18
대현더샵2단지,201동,8/25,84.82,매매,83000,2022-05-18
대현더샵2단지,208동,29/29,68.63,매매,74000,2022-05-18
대현더샵2단지,202동,24/31,84.91,매매,95000,2022-05-18
대현더샵2단지,206동,중/18,68.63,매매,69000,2022-05-18
대현더샵2단지,206동,4/18,68.63,매매,72000,2022-05-18
대현더샵2단지,208동,16/29,68.63,매매,78000,2022-05-18
대현더샵2단지,205동,31/31,121.42,매매,175000,2022-05-18
대현더샵2단지,206동,저/18,84.82,매매,83000,2022-05-18
대현더샵2단지,202동,저/31,84.91,전세,51000,2022-05-18
대현더샵2단지,203동,저/31,84.91,매매,91000,2022-05-18
대현더샵2단지,204동,고/31,84.85,매매,95000,2022-05-18
대현더샵2단지,207동,중/20,68.63,매매,69500,2022-05-18
대현더샵2단지,204동,31/31,121.9,매매,170000,2022-05-18
대현더샵2단지,202동,27/31,84.91,매매,96000,2022-05-18
대현더샵2단지,203동,2/31,84.82,매매,87000,2022-05-18
대현더샵2단지,208동,21/29,68.63,매매,80000,2022-05-18
대현더샵2단지,201동,고/25,84.91,매매,99000,2022-05-18
대현더샵2단지,208동,저/29,68.63,매매,74000,2022-05-18
대현더샵2단지,204동,30/31,84.82,매매,103000,2022-05-18
대현더샵2단지,206동,16/18,68.63,매매,76500,2022-05-18
대현더샵2단지,203동,중/31,84.91,전세,55000,2022-05-18
대현더샵2단지,203동,저/31,84.91,매매,93000,2022-05-18
대현더샵2단지,205동,저/31,84.91,매매,90000,2022-05-18
대현더샵2단지,203동,저/31,84.82,매매,87000,2022-05-18
대현더샵2단지,201동,15/25,84.91,매매,83000,2022-05-18
대현더샵2단지,205동,중/31,84.81,월세,3000999170,2022-05-18
대현더샵2단지,205동,중/31,84.91,매매,87000,2022-05-18
대현더샵2단지,202동,저/31,84.91,매매,92000,2022-05-18
대현더샵2단지,208동,중/29,68.68,매매,73500,2022-05-18
대현더샵2단지,202동,3/31,84.81,매매,89000,2022-05-18
대현더샵2단지,205동,고/31,84.85,매매,103000,2022-05-18
대현더샵2단지,207동,저/20,68.63,매매,72000,2022-05-18
대현더샵2단지,205동,저/31,84.91,매매,89000,2022-05-18
대현더샵2단지,204동,중/31,84.82,월세,5000999160,2022-05-18
대현더샵2단지,206동,저/18,68.63,매매,73000,2022-05-18
대현더샵2단지,203동,16/31,84.91,매매,92000,2022-05-18
대현더샵2단지,204동,저/31,84.91,전세,49000,2022-05-18
대현더샵2단지,203동,고/31,84.91,월세,5000999170,2022-05-18
대현더샵2단지,202동,저/31,84.91,매매,86000,2022-05-18
대현더샵2단지,203동,저/31,84.82,매매,98000,2022-05-18
대현더샵2단지,208동,고/29,68.63,매매,80000,2022-05-18
대현더샵2단지,204동,저/31,84.91,매매,80000,2022-05-18
대현더샵2단지,208동,고/29,68.63,매매,79000,2022-05-18
대현더샵2단지,204동,중/31,84.91,매매,90000,2022-05-18
대현더샵2단지,205동,고/31,84.85,매매,92000,2022-05-18
대현더샵2단지,203동,5/31,84.91,매매,88000,2022-05-18
대현더샵2단지,201동,고/25,84.91,매매,90000,2022-05-18
대현더샵2단지,202동,저/31,84.91,매매,90000,2022-05-18
대현더샵2단지,205동,27/31,84.91,매매,98000,2022-05-18
대현더샵2단지,202동,저/31,84.91,전세,50000,2022-05-18
대현더샵2단지,202동,저/31,84.81,매매,90000,2022-05-18
대현더샵2단지,201동,중/25,84.91,매매,85000,2022-05-18
대현더샵2단지,206동,17/18,121.42,매매,150000,2022-05-18
대현더샵2단지,205동,12/31,84.91,매매,88000,2022-05-18
대현더샵2단지,206동,저/18,84.82,매매,83000,2022-05-18
대현더샵2단지,203동,18/31,84.91,전세,58000,2022-05-18
대현더샵2단지,207동,중/20,68.99,전세,38000,2022-05-18
대현더샵2단지,207동,고/20,68.63,전세,40000,2022-05-18
대현더샵2단지,207동,20/20,68.99,매매,69000,2022-05-18
대현더샵2단지,206동,6/18,68.63,매매,70000,2022-05-18
대현더샵2단지,207동,7/20,68.63,전세,39000,2022-05-18
대현더샵2단지,202동,13/31,84.91,매매,89000,2022-05-18
대현더샵2단지,205동,중/31,84.91,매매,90000,2022-05-18
대현더샵2단지,206동,고/18,68.63,매매,71000,2022-05-18
대현더샵2단지,204동,중/31,84.91,매매,90000,2022-05-18
대현더샵2단지,208동,고/29,68.63,매매,76000,2022-05-18
대현더샵2단지,203동,중/31,84.91,매매,89000,2022-05-18
대현더샵2단지,206동,저/18,68.63,전세,40000,2022-05-18
