거래금액,거래유형,건축년도,년,법정동,아파트,월,일,전용면적,중개사소재지,지번,지역코드,층,해제사유발생일,해제여부
"40,000",중개거래,2014,2022,무거동,태화강서희스타힐스,1,3,84.8257,울산 남구,1593,31140,20,,
"16,200",중개거래,1990,2022,무거동,영남파크,1,5,78.375,울산 남구,831-1,31140,6,22.02.24,O
"16,200",중개거래,1990,2022,무거동,영남파크,1,5,78.375,울산 남구,831-1,31140,6,,
"27,500",중개거래,1996,2022,무거동,삼익,1,6,84.72,울산 남구,1537,31140,9,22.01.06,O
"27,500",중개거래,1996,2022,무거동,삼익,1,6,84.72,울산 남구,1537,31140,9,,
"26,500",중개거래,2000,2022,무거동,울산옥현1주공,1,7,59.89,울산 남구,477-1,31140,5,,
"28,400",중개거래,2000,2022,무거동,울산옥현1주공,1,7,59.89,울산 남구,477-1,31140,10,,
"33,500",중개거래,2001,2022,무거동,옥현으뜸마을주공3,1,7,59.78,울산 남구,488-13,31140,7,,
"14,000",중개거래,1997,2022,무거동,아성홈토피아,1,9,68.04,울산 남구,815-1,31140,8,,
"15,000",중개거래,1996,2022,무거동,신세대2,1,11,59.67,울산 남구,1520-13,31140,3,,
"14,000",직거래,1989,2022,무거동,삼성석유화학(주)사택,1,11,48.24,,839-1,31140,5,,
"37,000",중개거래,2001,2022,무거동,옥현으뜸마을주공3,1,12,84.66,울산 남구,488-13,31140,14,,
"10,600",중개거래,1988,2022,무거동,남운그린힐,1,13,59.4,울산 남구,927-6,31140,6,,
"13,500",중개거래,1991,2022,무거동,선경,1,13,71.985,울산 남구,833-1,31140,1,,
"10,600",중개거래,1988,2022,무거동,남운그린힐,1,13,59.4,울산 남구,927-6,31140,6,22.02.07,O
"17,500",직거래,1996,2022,무거동,굴화주공2,1,14,49.65,,276-1,31140,8,,
"33,000",중개거래,2001,2022,무거동,옥현으뜸마을주공3,1,14,59.84,울산 남구,488-13,31140,16,,
"16,500",중개거래,1989,2022,무거동,협성현대,1,15,84.95,울산 남구,931-1,31140,5,,
"22,000",중개거래,1997,2022,무거동,무거한라4차,1,16,59.95,울산 북구,1539,31140,12,,
"21,000",중개거래,1997,2022,무거동,굴화주공1,1,16,59.99,"울산 남구, 울산 울주군",275-1,31140,1,,
"24,500",중개거래,1996,2022,무거동,굴화주공2,1,18,59.99,울산 남구,276-1,31140,16,,
"20,200",중개거래,1996,2022,무거동,신세대2,1,19,84.5,울산 남구,1520-13,31140,11,,
"15,000",중개거래,1996,2022,무거동,신세대2,1,19,59.67,울산 남구,1520-13,31140,6,,
"17,500",중개거래,1997,2022,무거동,무거청구맨션,1,19,59.895,울산 남구,1551,31140,10,,
"34,700",중개거래,2001,2022,무거동,옥현으뜸마을주공3,1,19,59.78,울산 남구,488-13,31140,16,,
"18,000",중개거래,1996,2022,무거동,동서그린맨션5,1,20,59.77,울산 남구,1549-2,31140,6,,
"6,900",중개거래,1996,2022,무거동,신세대3차,1,20,31.294,울산 남구,1520-8,31140,6,,
"29,200",중개거래,2000,2022,무거동,울산옥현1주공,1,22,59.89,울산 남구,477-1,31140,11,,
"24,750",중개거래,2000,2022,무거동,울산옥현1주공,1,22,59.89,울산 남구,477-1,31140,2,,
"15,000",중개거래,1992,2022,무거동,삼호,1,22,59.65,"울산 남구, 울산 울주군",1183-1,31140,5,,
"25,800",중개거래,1997,2022,무거동,굴화주공1,1,22,59.99,울산 남구,275-1,31140,9,,
"45,300",중개거래,2001,2022,무거동,옥현으뜸마을주공3,1,23,75.5,울산 남구,488-13,31140,6,,
"16,800",중개거래,1995,2022,무거동,무거현대,1,24,62.88,울산 남구,832-2,31140,9,,
"21,700",중개거래,1996,2022,무거동,굴화주공2,1,24,59.99,울산 남구,276-1,31140,15,,
"23,800",중개거래,1997,2022,무거동,굴화주공1,1,25,59.99,울산 남구,275-1,31140,15,,
"16,300",중개거래,1995,2022,무거동,무거현대,1,26,58.05,울산 남구,832-2,31140,13,,
"14,000",중개거래,1996,2022,무거동,신복현대,1,27,59.76,울산 남구,1553,31140,9,,
"27,570",중개거래,2000,2022,무거동,울산옥현1주공,1,28,59.89,울산 남구,477-1,31140,14,,
"33,700",중개거래,2001,2022,무거동,옥현으뜸마을주공3,1,28,59.84,울산 남구,488-13,31140,10,,
"22,450",중개거래,1997,2022,무거동,굴화주공1,1,28,59.99,울산 남구,275-1,31140,5,,
"84,200",중개거래,2013,2022,무거동,무거위브자이,1,29,120.005,울산 남구,1594,31140,21,,
"16,300",중개거래,1995,2022,무거동,무거현대,1,29,58.05,울산 남구,832-2,31140,9,,
"32,300",중개거래,2002,2022,무거동,쌍용스윗닷홈2,1,31,84.9348,울산 남구,840,31140,2,,
"15,500",직거래,1989,2022,무거동,부성타워맨션,1,31,84.85,,220-1,31140,3,,
"36,000",중개거래,1989,2022,옥동,서강파크(A~C동),1,4,84.24,울산 남구,185,31140,12,,
"34,700",중개거래,1991,2022,옥동,대륙현대2차,1,12,84.92,"울산 남구, 울산 울주군",162,31140,12,,
"16,000",중개거래,1998,2022,옥동,금오그린,1,27,59.75,울산 남구,281-1,31140,1,,
"33,000",직거래,1987,2022,옥동,도성,1,28,50.25,,1386,31140,2,,
"55,900",중개거래,2019,2022,두왕동,대공원호반베르디움,1,10,84.9801,울산 남구,748,31140,5,,
"58,200",중개거래,2020,2022,두왕동,대공원호반베르디움2차,1,15,84.9801,울산 남구,747-2,31140,14,,
"21,000",중개거래,2001,2022,신정동,수암타워,1,1,76.57,울산 남구,858-1,31140,2,,
"39,500",중개거래,2001,2022,신정동,신정현대홈타운3,1,1,81.87,울산 남구,851-21,31140,23,,
"18,000",중개거래,1993,2022,신정동,한라무지개,1,4,84.699,울산 남구,899-1,31140,3,,
"60,700",중개거래,2011,2022,신정동,태화강풍림엑슬루타워,1,6,129.28,울산 남구,1880,31140,15,,
"50,000",중개거래,1985,2022,신정동,한일,1,6,56.54,울산 남구,1611-1,31140,2,,
"34,500",중개거래,1981,2022,신정동,은월,1,7,69.22,울산 남구,1563-39,31140,4,,
"55,000",중개거래,2007,2022,신정동,신성미소지움1단지,1,8,84.95,울산 남구,1852,31140,5,,
"28,700",중개거래,2018,2022,신정동,미소드리움아파트,1,8,80.183,울산 남구,526-10,31140,17,,
"22,000",중개거래,2001,2022,신정동,청림하이츠빌라,1,8,78.36,울산 남구,1132-5,31140,4,,
"106,000",중개거래,2003,2022,신정동,문수로IPARK2,1,8,101.5519,울산 남구,1639-51,31140,11,,
"28,000",중개거래,2018,2022,신정동,풍진힐그린스카이,1,9,84.9208,울산 남구,478-2,31140,4,,
"57,000",중개거래,2018,2022,신정동,대공원코아루파크베르,1,10,84.4903,울산 남구,1910,31140,7,,
"9,000",직거래,2002,2022,신정동,제니스타워,1,11,25.55,,350,31140,7,,
"53,000",중개거래,2009,2022,신정동,극동스타클래스,1,11,131.95,울산 남구,1875,31140,9,,
"50,500",중개거래,2016,2022,신정동,양우내안애팰리스,1,13,84.838,"울산 남구, 울산 북구",1903,31140,17,,
"56,000",중개거래,2007,2022,신정동,신성미소지움1단지,1,13,84.94,울산 남구,1852,31140,2,,
"35,800",중개거래,2018,2022,신정동,금광예다움,1,14,81.58,울산 남구,584-5,31140,13,,
"63,500",중개거래,2012,2022,신정동,울산신정푸르지오,1,15,84.9627,울산 남구,318,31140,32,,
"38,000",중개거래,1985,2022,신정동,우주가든,1,15,77.56,울산 남구,1843-1,31140,6,,
"29,500",중개거래,2017,2022,신정동,비발디칸,1,16,84.0044,울산 남구,651-3,31140,6,,
"73,500",중개거래,2012,2022,신정동,울산신정푸르지오,1,17,99.8574,울산 남구,318,31140,27,,
"26,000",중개거래,2006,2022,신정동,남경노블랜드,1,17,84.7864,울산 남구,58-5,31140,6,22.03.31,O
"43,000",중개거래,2001,2022,신정동,신정현대홈타운4,1,18,84.96,"울산 남구, 울산 동구",851-20,31140,9,,
"34,100",중개거래,2001,2022,신정동,신정현대홈타운4,1,19,59.97,울산 남구,851-20,31140,12,,
"27,000",중개거래,2019,2022,신정동,지움포유,1,20,68.38,울산 남구,480-1,31140,13,22.03.04,O
"31,000",중개거래,2017,2022,신정동,비발디칸,1,20,84.0044,울산 남구,651-3,31140,5,,
"29,700",중개거래,2017,2022,신정동,푸오레스위트,1,25,84.9113,울산 남구,1169-3,31140,8,,
"7,700",중개거래,2015,2022,신정동,유씨티,1,26,20.43,울산 남구,770-15,31140,10,22.02.26,O
"48,400",중개거래,2014,2022,신정동,신정동협성휴포레,1,28,84.9615,울산 남구,1902,31140,6,,
"37,000",직거래,2005,2022,신정동,남산웰빙하우스,1,28,64.56,,1241-8,31140,8,,
"16,900",직거래,2005,2022,신정동,남산웰빙하우스,1,28,41.24,,1241-8,31140,5,,
"32,500",직거래,2005,2022,신정동,남산웰빙하우스,1,28,83.33,,1241-8,31140,5,,
"17,800",직거래,2005,2022,신정동,남산웰빙하우스,1,28,42.97,,1241-8,31140,4,,
"34,400",직거래,2005,2022,신정동,남산웰빙하우스,1,28,84.88,,1241-8,31140,4,,
"16,900",직거래,2005,2022,신정동,남산웰빙하우스,1,28,42.97,,1241-8,31140,3,,
"38,500",직거래,2005,2022,신정동,남산웰빙하우스,1,28,84.88,,1241-8,31140,3,,
"35,000",직거래,2005,2022,신정동,남산웰빙하우스,1,28,74.83,,1241-8,31140,6,,
"40,000",중개거래,1982,2022,신정동,금탑,1,29,59.38,울산 남구,1591,31140,4,,
"44,000",중개거래,1984,2022,신정동,송림맨션,1,30,75.35,울산 남구,1559-2,31140,1,,
"33,000",중개거래,1991,2022,달동,삼산선경,1,3,84.975,울산 남구,1330-1,31140,13,,
"17,150",중개거래,1993,2022,달동,달동주공2단지,1,5,38.64,울산 남구,119-1,31140,13,,
"17,700",중개거래,1993,2022,달동,달동주공1단지,1,7,41.85,울산 남구,118-3,31140,7,,
"29,500",중개거래,1994,2022,달동,동서4,1,8,84.84,울산 남구,1389-4,31140,12,,
"30,800",중개거래,1991,2022,달동,삼산선경,1,8,84.975,울산 남구,1330-1,31140,1,,
"18,000",중개거래,1993,2022,달동,달동주공2단지,1,9,44.94,울산 남구,119-1,31140,15,,
"18,000",중개거래,1993,2022,달동,달동주공2단지,1,11,38.64,울산 남구,119-1,31140,9,,
"11,250",중개거래,1980,2022,달동,해인,1,11,64.6,"울산 남구, 울산 중구",575-3,31140,2,,
"20,000",직거래,1990,2022,달동,현우골든,1,12,84.925,,1351-1,31140,9,,
"17,000",중개거래,1993,2022,달동,달동주공2단지,1,13,38.64,울산 남구,119-1,31140,13,,
"17,200",중개거래,2001,2022,달동,롯데빌라트,1,13,75.6,울산 남구,1281-6,31140,6,22.04.01,O
"28,600",중개거래,1997,2022,달동,달동삼성2,1,15,59.88,"세종시, 울산 남구",758,31140,18,,
"27,500",중개거래,1997,2022,달동,달동삼성2,1,15,59.88,울산 남구,758,31140,9,,
"35,000",중개거래,1991,2022,달동,삼산선경,1,15,84.975,울산 남구,1330-1,31140,15,,
"16,000",중개거래,1995,2022,달동,대신그린파크,1,18,67.38,울산 남구,1382-3,31140,9,,
"18,200",중개거래,1993,2022,달동,달동주공1단지,1,19,41.85,울산 남구,118-3,31140,13,22.04.05,O
"65,000",중개거래,2015,2022,달동,울산센트럴자이,1,19,84.436,울산 남구,1364-1,31140,8,,
"23,300",중개거래,1993,2022,달동,달동주공1단지,1,20,49.77,울산 남구,118-3,31140,5,,
"18,000",중개거래,1993,2022,달동,달동주공2단지,1,22,44.94,울산 남구,119-1,31140,7,,
"22,500",중개거래,2019,2022,달동,달동보경하얏트,1,24,82.93,울산 남구,629-22,31140,4,,
"11,300",직거래,1980,2022,달동,해인에이동,1,25,58.59,,580-3,31140,4,,
"18,400",중개거래,1995,2022,달동,대신그린파크,1,29,67.38,울산 남구,1382-3,31140,16,,
"59,000",중개거래,1990,2022,삼산동,삼산현대,1,2,84.99,울산 남구,1459-1,31140,6,,
"24,500",중개거래,1994,2022,삼산동,평창2차현대,1,3,54.96,울산 남구,1547,31140,12,22.04.20,O
"33,000",직거래,2017,2022,삼산동,삼산리버뷰웰가,1,4,55.5478,,183-1,31140,19,,
"16,900",중개거래,1996,2022,삼산동,현대문화1차,1,4,59.76,울산 남구,1605-3,31140,11,,
"17,500",중개거래,1996,2022,삼산동,현대문화1차,1,8,59.76,울산 남구,1605-3,31140,23,,
"48,000",중개거래,1995,2022,삼산동,평창현대3차아파트,1,12,84.99,울산 남구,1538-2,31140,18,,
"24,500",중개거래,1994,2022,삼산동,평창2차현대,1,13,54.96,울산 남구,1547,31140,12,,
"51,300",중개거래,2013,2022,삼산동,팔레드상떼,1,21,159.243,울산 남구,1498-4,31140,7,,
"33,000",중개거래,1995,2022,삼산동,평창현대3차아파트,1,22,59.95,울산 남구,1538-2,31140,11,,
"36,000",중개거래,1997,2022,삼산동,세양청구마을,1,23,84.99,울산 남구,172-1,31140,18,,
"35,000",중개거래,1998,2022,삼산동,벽산강변타운,1,23,84.99,울산 남구,1529-1,31140,14,,
"24,000",중개거래,1998,2022,삼산동,벽산강변타운,1,24,59.925,울산 남구,1529-1,31140,25,,
"22,000",중개거래,1998,2022,삼산동,벽산강변타운,1,25,59.925,울산 남구,1529-1,31140,17,,
"56,000",중개거래,2010,2022,삼산동,한화꿈에그린1단지,1,25,84.9949,울산 남구,324-15,31140,17,,
"9,000",중개거래,2017,2022,삼산동,태화강더뷰,1,27,24.4252,울산 남구,1403-3,31140,18,,
"34,700",중개거래,1995,2022,삼산동,평창현대3차아파트,1,28,59.95,울산 남구,1538-2,31140,19,,
"25,000",중개거래,1998,2022,삼산동,벽산강변타운,1,28,59.925,울산 남구,1529-1,31140,14,,
"17,000",중개거래,1996,2022,삼산동,현대문화1차,1,29,59.76,울산 남구,1605-3,31140,10,,
"42,000",중개거래,1994,2022,삼산동,평창2차현대,1,29,84.93,울산 남구,1547,31140,13,,
"31,600",중개거래,1995,2022,삼산동,평창현대3차아파트,1,29,59.95,울산 남구,1538-2,31140,20,,
"34,300",중개거래,1995,2022,삼산동,평창현대3차아파트,1,29,59.95,울산 남구,1538-2,31140,21,,
"17,000",중개거래,1998,2022,삼산동,현대문화2차,1,30,59.76,울산 남구,1607-1,31140,11,,
"23,000",중개거래,2003,2022,야음동,삼한힐파크,1,3,59.96,울산 남구,383-1,31140,13,,
"43,600",중개거래,2003,2022,야음동,수암한라에이스빌,1,4,84.7298,울산 남구,701-1,31140,8,,
"16,450",중개거래,1993,2022,야음동,한라하이타운,1,4,59.4,울산 남구,538-1,31140,3,,
"16,100",중개거래,1999,2022,야음동,신정현대홈타운2,1,4,40.8,울산 남구,594-10,31140,19,,
"15,650",중개거래,1995,2022,야음동,신선,1,5,46.53,"울산 남구, 울산 울주군",796-17,31140,15,,
"38,000",중개거래,1999,2022,야음동,신정현대홈타운1,1,6,81.87,울산 남구,594-37,31140,4,,
"89,000",중개거래,2018,2022,야음동,대현더샵,1,7,84.914,울산 남구,911,31140,28,,
"35,000",중개거래,1989,2022,야음동,태양한신,1,7,138.24,울산 남구,564-1,31140,7,,
"15,900",중개거래,1992,2022,야음동,무룡,1,7,83.4,울산 남구,564-9,31140,8,,
"43,500",중개거래,1996,2022,야음동,동부3,1,7,104.23,울산 남구,789-6,31140,1,,
"31,800",중개거래,1995,2022,야음동,동부1,1,8,59.64,울산 남구,789-6,31140,13,,
"15,600",중개거래,1991,2022,야음동,삼익세라믹,1,9,59.4,울산 남구,762-8,31140,7,,
"19,000",중개거래,1991,2022,야음동,동서그린맨션,1,10,76.08,울산 남구,596-5,31140,2,,
"65,000",직거래,2008,2022,야음동,롯데캐슬골드2단지,1,10,116.82,,878,31140,15,22.02.28,O
"18,300",중개거래,1981,2022,야음동,대성,1,11,57.2,울산 남구,593-20,31140,4,,
"30,000",중개거래,1999,2022,야음동,신정현대홈타운2,1,13,59.9,울산 남구,594-10,31140,6,,
"33,000",중개거래,2000,2022,야음동,신정현대홈타운1,1,13,59.97,울산 남구,594-37,31140,18,,
"30,700",중개거래,1995,2022,야음동,동부1,1,15,59.64,울산 남구,789-6,31140,4,,
"22,700",중개거래,1991,2022,야음동,한라훼미리,1,16,84.94,울산 남구,730-6,31140,4,,
"47,000",중개거래,2008,2022,야음동,롯데캐슬골드1단지,1,19,74.93,울산 남구,878,31140,9,,
"31,500",중개거래,1996,2022,야음동,동부2,1,19,59.64,울산 남구,789-6,31140,6,,
"17,250",중개거래,1999,2022,야음동,신정현대홈타운1,1,20,40.8,울산 남구,594-37,31140,19,,
"16,200",중개거래,1993,2022,야음동,한라하이타운,1,20,59.4,울산 남구,538-1,31140,5,,
"39,000",중개거래,1999,2022,야음동,신정현대홈타운2,1,20,84.96,울산 남구,594-10,31140,3,22.03.02,O
"66,000",중개거래,2018,2022,야음동,대현더샵,1,20,68.632,울산 남구,911,31140,10,,
"82,300",중개거래,2019,2022,야음동,힐스테이트수암(1단지),1,22,84.7267,울산 남구,937,31140,20,,
"58,900",중개거래,2008,2022,야음동,롯데캐슬골드1단지,1,24,116.82,울산 남구,878,31140,10,,
"14,300",중개거래,2014,2022,야음동,동광모닝스카이,1,25,49.872,울산 남구,832-3,31140,10,,
"16,000",직거래,1986,2022,야음동,덕남,1,27,43.65,,593,31140,5,,
"16,500",중개거래,1993,2022,야음동,한라하이타운,1,28,59.4,울산 남구,538-1,31140,2,,
"70,000",직거래,2018,2022,야음동,대현더샵,1,28,68.632,,911,31140,17,,
"50,200",중개거래,2011,2022,야음동,대현동디아채,1,29,84.7977,울산 남구,885,31140,11,,
"12,500",중개거래,1989,2022,선암동,한신청실맨션,1,1,60.87,울산 남구,677-6,31140,13,,
"17,500",중개거래,1997,2022,선암동,선암동서광,1,5,59.95,울산 남구,559-12,31140,19,,
"13,000",중개거래,1990,2022,선암동,진원그랜즈,1,5,69.58,울산 남구,640,31140,3,,
"29,700",직거래,2008,2022,선암동,신선산휴먼빌,1,6,84.754,,BL-29-1,31140,21,,
"13,000",중개거래,1992,2022,선암동,청구그린,1,7,66.16,울산 남구,181-120,31140,4,,
"15,600",중개거래,1997,2022,선암동,선암동서광,1,14,59.95,울산 남구,559-12,31140,18,,
"14,300",중개거래,1989,2022,선암동,한라그린,1,18,75.78,울산 남구,624-1,31140,6,22.03.31,O
"12,000",중개거래,1992,2022,선암동,삼도가든맨션,1,20,59.9,울산 남구,672-6,31140,7,,
"16,300",중개거래,1997,2022,선암동,선암동서광,1,24,59.95,울산 남구,559-12,31140,19,,
"15,000",중개거래,1992,2022,선암동,강남그린맨션,1,24,84.9,"울산 남구, 울산 중구",542-5,31140,4,,
"6,200",중개거래,1987,2022,선암동,삼호,1,25,34.2,울산 남구,180-236,31140,1,,
"17,900",중개거래,1997,2022,선암동,선암동서광,1,27,59.95,울산 남구,559-12,31140,10,,
"13,800",직거래,1989,2022,선암동,한신청실맨션,1,28,60.87,,677-6,31140,2,,
"9,000",중개거래,2002,2022,상개동,상개목화,1,5,48.8297,울산 남구,152-6,31140,6,,
"8,500",중개거래,2002,2022,상개동,상개목화,1,17,48.8297,울산 남구,152-6,31140,3,,
"21,000",중개거래,2014,2022,매암동,한양아이클래스,1,11,84.8,울산 남구,1421,31140,9,,
"29,200",중개거래,2000,2022,무거동,울산옥현1주공,2,5,59.89,울산 남구,477-1,31140,9,,
"37,000",중개거래,2014,2022,무거동,태화강서희스타힐스,2,9,73.849,울산 남구,1593,31140,20,,
"15,200",중개거래,1996,2022,무거동,신복현대,2,9,59.76,"울산 남구, 울산 중구",1553,31140,4,,
"31,200",중개거래,2001,2022,무거동,옥현으뜸마을주공3,2,10,59.78,울산 남구,488-13,31140,3,,
"13,500",중개거래,1995,2022,무거동,신세대1,2,10,59.76,"울산 남구, 울산 울주군",1520-9,31140,8,,
"33,000",중개거래,2001,2022,무거동,옥현으뜸마을주공3,2,11,59.64,울산 남구,488-13,31140,20,,
"15,400",중개거래,1992,2022,무거동,삼호,2,11,59.65,"대구 달성군, 울산 남구",1183-1,31140,1,,
"22,000",중개거래,1989,2022,무거동,부성타워맨션,2,12,84.575,울산 남구,220-1,31140,12,,
"17,000",직거래,1996,2022,무거동,신복현대,2,12,59.76,,1553,31140,19,,
"14,000",중개거래,1988,2022,무거동,도원,2,14,52.95,울산 남구,841-2,31140,4,,
"23,800",중개거래,1997,2022,무거동,굴화주공1,2,14,59.99,"울산 남구, 울산 울주군",275-1,31140,4,,
"30,500",중개거래,2001,2022,무거동,옥현으뜸마을주공3,2,15,59.78,울산 남구,488-13,31140,3,,
"52,500",중개거래,2001,2022,무거동,옥현으뜸마을주공3,2,16,84.66,울산 남구,488-13,31140,4,,
"23,800",중개거래,1997,2022,무거동,굴화주공1,2,17,59.99,"울산 남구, 울산 울주군",275-1,31140,16,22.04.18,O
"8,600",중개거래,1992,2022,무거동,삼호시영,2,17,39.9,"울산 남구, 울산 중구",1448-1,31140,9,,
"16,000",중개거래,1988,2022,무거동,도원,2,19,53.7,울산 남구,841-2,31140,4,,
"15,800",중개거래,1995,2022,무거동,굴화주공2,2,19,39.74,울산 남구,276-1,31140,13,,
"24,000",중개거래,1997,2022,무거동,굴화주공1,2,19,59.99,울산 남구,275-1,31140,6,,
"20,600",중개거래,1997,2022,무거동,무거청구맨션,2,20,59.895,울산 남구,1551,31140,19,,
"35,200",중개거래,2014,2022,무거동,태화강서희스타힐스,2,20,73.849,울산 남구,1593,31140,15,,
"25,000",중개거래,1996,2022,무거동,굴화주공2,2,21,59.99,울산 남구,276-1,31140,10,,
"18,000",중개거래,1997,2022,무거동,굴화주공1,2,22,59.99,울산 남구,275-1,31140,12,,
"18,200",중개거래,1996,2022,무거동,삼익,2,22,59.5,울산 남구,1537,31140,3,,
"24,700",중개거래,1997,2022,무거동,굴화주공1,2,23,59.99,울산 남구,275-1,31140,10,,
"13,800",중개거래,1992,2022,무거동,삼호,2,25,59.65,울산 남구,1183-1,31140,12,,
"6,500",중개거래,1996,2022,무거동,신세대3차,2,26,31.294,울산 울주군,1520-8,31140,7,,
"30,000",직거래,1991,2022,옥동,도성타운,2,4,76.635,,1385-4,31140,12,,
"36,400",중개거래,1992,2022,옥동,대공원현대,2,9,71.685,울산 남구,129-6,31140,10,,
"42,000",중개거래,1997,2022,옥동,성도,2,10,84.6,울산 남구,191-58,31140,10,,
"36,650",중개거래,1989,2022,옥동,서강파크(A~C동),2,20,84.24,울산 남구,185,31140,11,,
"31,500",중개거래,1987,2022,옥동,도성,2,21,50.25,울산 남구,1386,31140,1,,
"36,500",중개거래,1997,2022,옥동,옥동현대아파트2단지,2,23,84.506,울산 남구,182,31140,3,22.03.28,O
"31,000",직거래,1991,2022,옥동,고려청구,2,25,84.89,,183,31140,6,,
"28,000",중개거래,1997,2022,옥동,옥동현대아파트1단지,2,26,72.316,울산 남구,182-9,31140,7,,
"25,000",중개거래,2016,2022,신정동,힐그린뷰,2,5,84.3152,울산 남구,1133-8,31140,3,,
"42,000",중개거래,2001,2022,신정동,신정현대홈타운3,2,5,84.96,"울산 남구, 울산 중구",851-21,31140,11,,
"90,000",중개거래,2009,2022,신정동,대공원코오롱파크폴리스,2,5,119.74,울산 남구,1873,31140,16,,
"32,500",중개거래,2001,2022,신정동,신정현대홈타운3,2,5,59.97,울산 남구,851-21,31140,21,,
"31,000",중개거래,2001,2022,신정동,신정현대홈타운3,2,5,59.9,"울산 남구, 울산 중구",851-21,31140,21,,
"32,700",중개거래,2004,2022,신정동,우남팜파스,2,7,69.8129,울산 남구,872-4,31140,7,,
"50,000",직거래,2005,2022,신정동,남산웰빙하우스,2,8,84.54,,1241-8,31140,7,,
"29,000",중개거래,2019,2022,신정동,그린뜰,2,8,69.0812,울산 중구,181-4,31140,8,,
"42,000",중개거래,2004,2022,신정동,남산포스코더샵,2,8,84.9422,울산 남구,1334-38,31140,2,,
"35,000",중개거래,2001,2022,신정동,신정현대홈타운4,2,8,59.97,울산 남구,851-20,31140,13,,
"138,000",중개거래,2008,2022,신정동,대공원월드메르디앙,2,9,128.8128,울산 남구,1868,31140,21,,
"55,000",중개거래,2007,2022,신정동,신성미소지움2단지,2,9,84.96,울산 남구,1853,31140,1,,
"6,000",중개거래,2002,2022,신정동,제니스타워,2,10,25.55,울산 남구,350,31140,5,,
"20,000",중개거래,1989,2022,신정동,크로바,2,11,84.925,울산 남구,1401-15,31140,14,,
"25,000",직거래,1986,2022,신정동,공업탑올림푸스맨션,2,11,81.86,,1822-2,31140,12,,
"35,900",중개거래,2001,2022,신정동,신정현대홈타운3,2,12,59.97,울산 남구,851-21,31140,13,,
"62,000",중개거래,1985,2022,신정동,한일,2,12,77.69,울산 남구,1611-1,31140,1,,
"42,000",중개거래,2001,2022,신정동,신정현대홈타운3,2,14,81.6,울산 남구,851-21,31140,15,,
"14,700",직거래,2005,2022,신정동,남산웰빙하우스,2,14,28.8,,1241-8,31140,6,,
"77,000",중개거래,2016,2022,신정동,대명루첸,2,15,83.1716,울산 남구,1909,31140,24,,
"25,000",중개거래,2012,2022,신정동,남경신정마을,2,16,84.864,울산 남구,576-2,31140,3,,
"76,700",중개거래,2016,2022,신정동,대명루첸,2,18,83.1716,울산 남구,1909,31140,24,,
"16,300",중개거래,1995,2022,신정동,인송파크맨션,2,18,65.22,"울산 남구, 울산 중구",1836-1,31140,5,,
"35,000",중개거래,2001,2022,신정동,신정현대홈타운4,2,19,59.97,울산 남구,851-20,31140,17,,
"16,400",중개거래,2004,2022,신정동,두레빌라트,2,19,57.3904,울산 남구,158-3,31140,4,,
"37,500",중개거래,2008,2022,신정동,현대싱그런,2,21,83.7555,울산 남구,955-2,31140,12,,
"39,500",중개거래,2019,2022,신정동,신정동풀비체,2,21,84.969,울산 남구,547-8,31140,14,,
"24,500",중개거래,1993,2022,신정동,한라백조,2,21,84.66,울산 남구,872-55,31140,11,,
"10,000",직거래,2014,2022,신정동,공업탑하트랜드,2,22,32,,726-3,31140,12,,
"183,000",중개거래,2008,2022,신정동,신정롯데킹덤,2,23,207.1868,울산 남구,1860,31140,25,,
"47,000",중개거래,1984,2022,신정동,송림맨션,2,23,75.35,울산 남구,1559-2,31140,3,,
"15,000",직거래,1993,2022,신정동,한라무지개,2,23,84.699,,899-1,31140,10,,
"40,500",중개거래,2001,2022,신정동,신정현대홈타운3,2,24,84.96,울산 남구,851-21,31140,21,,
"12,100",중개거래,2014,2022,신정동,공업탑하트랜드,2,25,30.15,울산 남구,726-3,31140,17,,
"48,000",직거래,2009,2022,신정동,동문아뮤티,2,25,135.29,,1874,31140,17,,
"25,300",중개거래,2013,2022,신정동,태화강아드리아,2,25,80.8761,울산 남구,519-4,31140,12,,
"48,200",중개거래,1985,2022,신정동,한일,2,26,56.54,울산 남구,1611-1,31140,4,,
"36,700",중개거래,2019,2022,신정동,울산신정센트럴하임,2,26,60.4973,울산 남구,1834,31140,8,22.03.14,O
"36,700",중개거래,2019,2022,신정동,울산신정센트럴하임,2,26,60.4973,울산 남구,1834,31140,8,,
"30,000",중개거래,2018,2022,신정동,대공원코아루파크베르,2,27,59.3669,울산 남구,1910,31140,7,,
"52,000",중개거래,1989,2022,신정동,올림푸스골든(1680),2,27,84.875,울산 남구,1680,31140,3,,
"17,800",중개거래,2001,2022,신정동,신정현대홈타운4,2,28,40.8,울산 남구,851-20,31140,20,,
"33,000",중개거래,1995,2022,달동,현대3차,2,4,84.99,울산 남구,1371-1,31140,4,,
"32,900",중개거래,1991,2022,달동,삼산선경,2,6,84.975,울산 남구,1330-1,31140,14,,
"21,500",중개거래,1994,2022,달동,동서4,2,7,67.95,울산 남구,1389-4,31140,1,,
"30,200",중개거래,1991,2022,달동,삼산선경,2,8,84.975,울산 남구,1330-1,31140,6,,
"18,750",중개거래,1993,2022,달동,달동주공1단지,2,10,41.85,울산 남구,118-3,31140,13,,
"33,000",중개거래,1991,2022,달동,삼산선경,2,11,84.975,울산 남구,1330-1,31140,16,,
"33,700",중개거래,1991,2022,달동,삼산선경,2,15,84.975,울산 남구,1330-1,31140,8,,
"15,500",중개거래,2004,2022,달동,한빛파크,2,16,79.83,울산 남구,617-6,31140,6,,
"17,750",중개거래,1993,2022,달동,달동주공2단지,2,16,44.94,울산 남구,119-1,31140,3,,
"45,500",중개거래,1991,2022,달동,삼산선경,2,17,119.09,울산 남구,1330-1,31140,13,,
"45,500",중개거래,1991,2022,달동,삼산선경,2,17,119.09,울산 남구,1330-1,31140,13,22.03.02,O
"44,000",중개거래,1999,2022,달동,달동SKVIEW,2,17,76.02,울산 남구,809-1,31140,16,,
"19,000",중개거래,2005,2022,달동,광명아트빌,2,17,82.8799,울산 북구,638-2,31140,4,,
"12,900",중개거래,1980,2022,달동,해인,2,17,64.6,울산 남구,575-3,31140,3,,
"17,600",중개거래,1993,2022,달동,달동주공2단지,2,18,38.64,울산 남구,119-1,31140,13,,
"33,000",중개거래,1991,2022,달동,삼산선경,2,18,84.975,울산 남구,1330-1,31140,17,,
"30,700",중개거래,1997,2022,달동,달동삼성1,2,19,77.04,울산 남구,758-2,31140,19,,
"21,000",중개거래,1994,2022,달동,동서4,2,20,59.82,울산 남구,1389-4,31140,3,,
"16,400",중개거래,1993,2022,달동,달동주공2단지,2,22,38.64,울산 남구,119-1,31140,1,,
"20,000",중개거래,1991,2022,달동,달동현대,2,23,54.66,울산 남구,1352-4,31140,12,,
"30,700",중개거래,1991,2022,달동,삼산선경,2,24,84.975,울산 남구,1330-1,31140,5,,
"23,500",중개거래,1995,2022,달동,현대3차,2,24,59.89,울산 남구,1371-1,31140,11,,
"17,400",중개거래,1998,2022,달동,달동우방맨션,2,26,43.26,울산 남구,1395-13,31140,12,,
"18,700",중개거래,1993,2022,달동,달동주공2단지,2,26,44.94,울산 남구,119-1,31140,6,,
"17,000",중개거래,1993,2022,달동,달동주공2단지,2,28,38.64,울산 남구,119-1,31140,11,,
"9,000",중개거래,2017,2022,삼산동,태화강더뷰,2,3,24.4252,울산 남구,1403-3,31140,17,,
"9,000",중개거래,2017,2022,삼산동,태화강더뷰,2,4,24.4252,울산 남구,1403-3,31140,17,,
"34,900",중개거래,2017,2022,삼산동,삼산리버뷰웰가,2,5,55.974,울산 남구,183-1,31140,14,,
"25,600",중개거래,1998,2022,삼산동,벽산강변타운,2,6,59.925,울산 남구,1529-1,31140,18,,
"49,250",중개거래,2004,2022,삼산동,대우푸르지오,2,7,84.8612,울산 중구,1529-2,31140,4,,
"28,000",중개거래,1998,2022,삼산동,벽산강변타운,2,8,74.98,울산 남구,1529-1,31140,2,,
"26,000",중개거래,1998,2022,삼산동,벽산강변타운,2,11,74.98,울산 남구,1529-1,31140,2,,
"17,500",중개거래,1998,2022,삼산동,현대문화2차,2,12,59.76,울산 남구,1607-1,31140,15,,
"54,200",중개거래,2013,2022,삼산동,팔레드상떼,2,12,159.243,울산 남구,1498-4,31140,9,,
"17,000",중개거래,1996,2022,삼산동,현대문화1차,2,13,59.76,울산 남구,1605-3,31140,24,,
"8,600",중개거래,2017,2022,삼산동,태화강더뷰,2,14,24.4252,울산 남구,1403-3,31140,11,,
"54,800",중개거래,2010,2022,삼산동,한화꿈에그린1단지,2,16,84.9949,울산 남구,324-15,31140,10,,
"39,500",중개거래,1991,2022,삼산동,우성,2,16,84.99,울산 남구,1461-1,31140,14,,
"55,000",중개거래,2010,2022,삼산동,한화꿈에그린2단지,2,17,84.9949,"울산 남구, 울산 중구",324-17,31140,17,,
"50,000",중개거래,1991,2022,삼산동,삼신현대,2,17,128.12,울산 남구,1461-3,31140,7,,
"27,700",중개거래,1997,2022,삼산동,세양청구마을,2,18,59.98,울산 남구,172-1,31140,12,,
"34,500",중개거래,1998,2022,삼산동,벽산강변타운,2,21,84.99,울산 남구,1529-1,31140,8,,
"26,600",중개거래,1997,2022,삼산동,세양청구마을,2,23,59.98,울산 남구,172-1,31140,9,,
"24,700",중개거래,1994,2022,삼산동,평창2차현대,2,23,54.96,울산 남구,1547,31140,8,,
"49,500",중개거래,2013,2022,삼산동,팔레드상떼,2,23,121.644,울산 남구,1498-4,31140,10,,
"34,000",중개거래,1997,2022,삼산동,세양청구마을,2,25,84.99,울산 남구,172-1,31140,17,,
"67,300",중개거래,2018,2022,야음동,대현더샵,2,4,68.632,울산 남구,911,31140,14,,
"54,800",중개거래,2004,2022,야음동,쌍용스윗닷홈,2,4,84.97,울산 남구,789-105,31140,2,,
"15,500",중개거래,1995,2022,야음동,신선,2,8,46.53,울산 남구,796-17,31140,3,,
"16,070",중개거래,1995,2022,야음동,신선,2,10,46.53,울산 남구,796-17,31140,7,,
"32,000",중개거래,1999,2022,야음동,신정현대홈타운1,2,12,59.9,울산 남구,594-37,31140,8,,
"16,000",중개거래,1999,2022,야음동,신정현대홈타운1,2,12,40.8,울산 남구,594-37,31140,25,,
"65,000",중개거래,2018,2022,야음동,대현더샵,2,13,68.998,울산 남구,911,31140,11,,
"17,600",중개거래,1993,2022,야음동,한라하이타운,2,15,59.4,울산 남구,538-1,31140,7,,
"41,100",중개거래,2004,2022,야음동,일동미라주,2,16,75.0616,울산 남구,725-1,31140,4,,
"65,000",직거래,2018,2022,야음동,대현더샵,2,16,68.632,,911,31140,16,,
"11,300",중개거래,1989,2022,야음동,한라전원,2,17,64.74,울산 남구,868-1,31140,3,,
"7,850",중개거래,1999,2022,야음동,그랜드타운,2,18,41.25,울산 남구,868-3,31140,4,,
"43,900",중개거래,1999,2022,야음동,신정현대홈타운1,2,18,84.96,울산 남구,594-37,31140,8,,
"50,000",중개거래,2008,2022,야음동,롯데캐슬골드1단지,2,19,84.96,울산 남구,878,31140,5,,
"34,400",중개거래,1996,2022,야음동,동부2,2,20,59.64,울산 남구,789-6,31140,17,,
"53,800",중개거래,1995,2022,야음동,동부1,2,21,104.23,울산 남구,789-6,31140,16,,
"72,000",중개거래,2019,2022,야음동,힐스테이트수암(1단지),2,21,84.8029,울산 남구,937,31140,6,,
"12,700",중개거래,1985,2022,야음동,보라,2,26,70.37,울산 남구,490-2,31140,3,,
"65,000",직거래,2008,2022,야음동,롯데캐슬골드2단지,2,28,116.82,,878,31140,15,,
"10,800",중개거래,1989,2022,선암동,한신청실맨션,2,5,60.87,울산 남구,677-6,31140,9,,
"34,000",중개거래,2008,2022,선암동,신선산휴먼빌,2,7,84.726,울산 남구,BL-29-1,31140,19,,
"15,000",중개거래,1989,2022,선암동,한신청실맨션,2,9,60.87,울산 남구,677-6,31140,11,,
"18,300",중개거래,1990,2022,선암동,삼익세라믹,2,11,84.6,울산 남구,537-1,31140,7,22.04.28,O
"12,600",중개거래,1992,2022,선암동,청구그린,2,12,66.16,울산 남구,181-120,31140,4,,
"13,100",중개거래,1988,2022,선암동,한라전원,2,16,54.69,울산 남구,679-3,31140,3,,
"16,200",중개거래,1992,2022,선암동,현대아트,2,18,84.86,울산 남구,665-2,31140,2,,
"7,300",직거래,2002,2022,상개동,상개목화,2,3,48.8297,,152-6,31140,2,,
"17,000",직거래,2002,2022,상개동,크로바전원빌라,2,17,80.07,,산110-1,31140,1,,
"15,000",중개거래,2002,2022,상개동,상개목화,2,25,58.6933,울산 남구,152-6,31140,13,,
"9,500",중개거래,2002,2022,상개동,상개목화,2,28,48.8297,울산 남구,152-6,31140,15,,
"15,900",중개거래,1996,2022,무거동,신복현대,3,1,59.76,울산 남구,1553,31140,18,,
"47,000",중개거래,2001,2022,무거동,옥현으뜸마을주공3,3,2,75.58,울산 남구,488-13,31140,12,,
"18,400",중개거래,1996,2022,무거동,삼익,3,5,59.5,울산 남구,1537,31140,12,,
"24,700",중개거래,1996,2022,무거동,굴화주공2,3,5,59.99,"울산 남구, 울산 중구",276-1,31140,9,,
"12,900",중개거래,1989,2022,무거동,협성현대,3,6,68.805,울산 남구,931-1,31140,11,,
"16,900",중개거래,1995,2022,무거동,무거현대,3,6,59.94,울산 남구,832-2,31140,18,,
"28,000",중개거래,2000,2022,무거동,울산옥현1주공,3,6,59.89,울산 남구,477-1,31140,15,,
"28,000",중개거래,2000,2022,무거동,울산옥현1주공,3,7,59.89,울산 남구,477-1,31140,6,,
"17,300",중개거래,1989,2022,무거동,협성현대,3,9,84.95,울산 남구,931-1,31140,1,,
"23,500",중개거래,2006,2022,무거동,신복리치힐,3,9,84.9,울산 남구,823-1,31140,8,,
"19,400",중개거래,1995,2022,무거동,우주로얄,3,11,84.69,울산 남구,830-2,31140,15,,
"18,500",중개거래,1995,2022,무거동,무거현대,3,12,74.4,울산 남구,832-2,31140,9,,
"38,500",중개거래,2014,2022,무거동,태화강서희스타힐스,3,13,84.7301,울산 남구,1593,31140,14,,
"10,500",중개거래,1988,2022,무거동,남운그린힐,3,14,59.4,울산 남구,927-6,31140,7,,
"25,200",중개거래,2000,2022,무거동,울산옥현1주공,3,14,59.89,울산 남구,477-1,31140,2,,
"22,000",중개거래,2000,2022,무거동,울산옥현1주공,3,15,49.36,울산 남구,477-1,31140,9,,
"18,800",중개거래,1997,2022,무거동,아성홈토피아,3,16,83.43,울산 남구,815-1,31140,11,,
"35,000",중개거래,2001,2022,무거동,옥현으뜸마을주공3,3,17,59.78,울산 남구,488-13,31140,10,,
"24,500",중개거래,1997,2022,무거동,굴화주공1,3,18,59.99,울산 남구,275-1,31140,16,,
"24,500",중개거래,1997,2022,무거동,굴화주공1,3,18,59.99,울산 남구,275-1,31140,16,22.04.11,O
"13,300",중개거래,1992,2022,무거동,삼호,3,19,59.65,울산 남구,1183-1,31140,11,,
"14,500",중개거래,1996,2022,무거동,신복현대,3,21,59.76,울산 울주군,1553,31140,17,,
"17,000",중개거래,1996,2022,무거동,신복현대,3,21,59.76,울산 남구,1553,31140,10,,
"20,500",중개거래,1997,2022,무거동,무거한라4차,3,23,59.95,울산 남구,1539,31140,8,,
"15,000",중개거래,1991,2022,무거동,선경,3,25,71.985,울산 남구,833-1,31140,10,,
"45,400",중개거래,2000,2022,무거동,울산옥현주공2,3,26,84.84,울산 남구,478-1,31140,13,,
"15,000",중개거래,1996,2022,무거동,신복현대,3,26,59.76,울산 남구,1553,31140,7,,
"22,500",중개거래,1990,2022,무거동,청구하이츠,3,26,84.87,울산 남구,828-3,31140,11,,
"11,550",중개거래,1988,2022,무거동,남운그린힐,3,26,59.4,"울산 남구, 울산 중구",927-6,31140,12,,
"24,000",중개거래,1997,2022,무거동,굴화주공1,3,28,59.99,"울산 남구, 울산 울주군",275-1,31140,16,,
"11,800",중개거래,1988,2022,무거동,남운그린힐,3,28,54,울산 울주군,927-6,31140,9,,
"7,700",중개거래,1992,2022,무거동,삼호시영,3,29,39.9,울산 남구,1448-1,31140,1,,
"29,000",중개거래,2018,2022,무거동,울산대이즈플레이스,3,29,61.1,울산 남구,1527-4,31140,4,,
"38,000",중개거래,2014,2022,무거동,태화강서희스타힐스,3,30,84.8257,울산 남구,1593,31140,13,,
"16,400",중개거래,1995,2022,무거동,무거현대,3,31,62.88,울산 남구,832-2,31140,10,,
"29,000",중개거래,2000,2022,무거동,울산옥현1주공,3,31,59.89,울산 남구,477-1,31140,6,,
"17,500",중개거래,1996,2022,옥동,한진전원2차,3,1,59.79,울산 남구,188,31140,6,,
"30,000",중개거래,1991,2022,옥동,고려청구,3,7,84.89,울산 남구,183,31140,13,,
"36,200",중개거래,1987,2022,옥동,도성,3,10,50.25,울산 남구,1386,31140,3,,
"45,000",중개거래,1999,2022,옥동,옥동삼익,3,12,59.64,울산 남구,255-2,31140,9,,
"30,000",중개거래,1997,2022,옥동,성도,3,15,59.81,울산 남구,191-58,31140,15,,
"19,300",중개거래,1998,2022,옥동,금오그린,3,16,58.45,울산 남구,281-1,31140,9,,
"38,300",중개거래,1992,2022,옥동,대공원현대,3,19,71.685,"울산 남구, 울산 북구",129-6,31140,11,,
"25,000",직거래,1997,2022,옥동,옥동현대아파트2단지,3,20,84.506,,182,31140,9,,
"32,850",중개거래,1992,2022,옥동,대공원현대,3,21,71.685,울산 남구,129-6,31140,3,,
"27,500",중개거래,1991,2022,옥동,고려청구,3,25,84.89,울산 남구,183,31140,5,,
"38,500",중개거래,1997,2022,옥동,옥동현대아파트2단지,3,25,84.506,울산 남구,182,31140,12,,
"36,500",중개거래,1997,2022,옥동,옥동현대아파트2단지,3,28,84.506,울산 남구,182,31140,3,,
"107,500",중개거래,2011,2022,옥동,대공원한신휴플러스,3,31,84.92,울산 남구,1418,31140,4,,
"38,300",중개거래,1997,2022,옥동,옥동현대아파트2단지,3,31,84.506,울산 남구,182,31140,8,,
"21,000",중개거래,2003,2022,신정동,도해노블빌2,3,1,84.99,울산 남구,628-1,31140,3,,
"26,800",중개거래,2003,2022,신정동,도해노블빌2,3,1,84.99,"울산 남구, 울산 울주군",628-1,31140,7,,
"17,700",중개거래,1993,2022,신정동,한라백조,3,3,59.64,울산 남구,872-55,31140,18,,
"40,900",중개거래,2016,2022,신정동,양우내안애팰리스,3,3,84.605,울산 남구,1903,31140,16,,
"35,500",중개거래,1983,2022,신정동,해원맨션,3,3,84.85,울산 중구,1418-1,31140,4,,
"8,000",직거래,2015,2022,신정동,유씨티,3,5,19.24,,770-15,31140,12,,
"36,000",중개거래,1982,2022,신정동,청실,3,5,67.975,울산 남구,1577-8,31140,5,,
"25,000",중개거래,2001,2022,신정동,수암타워,3,6,79.54,울산 남구,858-1,31140,10,,
"14,500",중개거래,1979,2022,신정동,은하,3,6,56.33,울산 남구,591-5,31140,1,,
"21,900",중개거래,1990,2022,신정동,크로바,3,8,96.075,"울산 남구, 울산 중구",1401-15,31140,10,,
"9,750",중개거래,2014,2022,신정동,공업탑하트랜드,3,8,30.77,울산 남구,726-3,31140,17,,
"140,000",중개거래,2003,2022,신정동,문수로IPARK2,3,8,168.2821,울산 남구,1639-51,31140,10,,
"26,000",중개거래,2012,2022,신정동,남경신정마을,3,8,84.9651,울산 남구,576-2,31140,12,,
"140,000",중개거래,2003,2022,신정동,문수로IPARK1,3,9,134.3958,울산 남구,1639-1,31140,18,,
"13,000",중개거래,2004,2022,신정동,두레빌라트,3,10,57.3904,울산 남구,158-3,31140,5,,
"14,000",직거래,2015,2022,신정동,리버빌칸,3,11,77.24,,1210-7,31140,4,,
"36,600",중개거래,2007,2022,신정동,이안신정,3,12,84.974,울산 남구,650-17,31140,8,,
"123,000",중개거래,2008,2022,신정동,대공원월드메르디앙,3,12,128.8128,울산 남구,1868,31140,11,,
"25,000",직거래,2000,2022,신정동,부성빌라,3,14,84.06,,1101-3,31140,1,,
"17,700",중개거래,1990,2022,신정동,영보가든,3,14,84.93,울산 남구,942-10,31140,15,,
"29,000",중개거래,2018,2022,신정동,미소드리움아파트,3,15,80.183,울산 남구,526-10,31140,16,,
"26,700",중개거래,2006,2022,신정동,남경노블랜드,3,15,84.7864,울산 남구,58-5,31140,4,,
"38,000",중개거래,1985,2022,신정동,우주가든,3,16,77.56,울산 남구,1843-1,31140,6,,
"48,500",중개거래,2007,2022,신정동,이안신정,3,17,128.663,울산 남구,650-17,31140,17,,
"32,000",중개거래,2018,2022,신정동,금광예다움,3,18,82.08,"울산 남구, 울산 중구",584-5,31140,4,,
"46,000",중개거래,2001,2022,신정동,신정현대홈타운4,3,19,84.96,울산 남구,851-20,31140,13,,
"102,000",중개거래,2013,2022,신정동,문수로2차IPARK2단지,3,20,84.9424,울산 남구,1890,31140,21,,
"30,000",중개거래,1980,2022,신정동,양지,3,21,78.8,울산 남구,1125-2,31140,5,,
"48,000",중개거래,1983,2022,신정동,복지맨션,3,22,68.13,울산 남구,1617,31140,1,,
"52,000",직거래,2011,2022,신정동,강산리더스,3,22,79.983,,1586-13,31140,2,,
"30,900",중개거래,1994,2022,신정동,대공원I'PARK(2단지),3,23,59.94,울산 남구,1676,31140,11,,
"16,300",중개거래,2001,2022,신정동,신정현대홈타운4,3,23,40.8,울산 남구,851-20,31140,25,,
"51,500",중개거래,2010,2022,신정동,두산위브더제니스,3,25,115.3788,울산 남구,1877,31140,12,,
"131,000",중개거래,2013,2022,신정동,문수로2차IPARK2단지,3,26,114.3608,울산 남구,1890,31140,6,,
"32,800",중개거래,2018,2022,신정동,대공원코아루파크베르,3,26,61.1451,울산 남구,1910,31140,10,,
"41,900",중개거래,2001,2022,신정동,신정현대홈타운3,3,27,84.96,울산 남구,851-21,31140,14,,
"41,000",중개거래,2001,2022,신정동,신정현대홈타운4,3,27,81.87,울산 남구,851-20,31140,9,,
"33,000",중개거래,1978,2022,신정동,"삼부(A,B동)",3,28,81.16,울산 남구,1443-1,31140,3,,
"30,900",중개거래,2018,2022,신정동,대공원코아루파크베르,3,28,61.1451,울산 남구,1910,31140,27,,
"51,000",중개거래,1989,2022,신정동,올림푸스골든(1680),3,29,84.875,울산 남구,1680,31140,14,,
"63,000",중개거래,2012,2022,신정동,울산신정푸르지오,3,29,84.9569,울산 중구,318,31140,28,,
"127,000",중개거래,2013,2022,신정동,문수로2차IPARK1단지,3,29,101.2986,울산 남구,1889,31140,19,,
"34,000",중개거래,2017,2022,신정동,문수로로얄팰리스,3,29,84.969,울산 남구,1165-9,31140,2,,
"69,000",중개거래,2016,2022,신정동,대명루첸,3,30,83.1716,울산 남구,1909,31140,16,,
"26,000",중개거래,2006,2022,신정동,남경노블랜드,3,31,84.7864,울산 남구,58-5,31140,6,,
"22,000",직거래,1993,2022,달동,달동주공1단지,3,3,51.66,,118-3,31140,12,,
"17,300",중개거래,1993,2022,달동,달동주공2단지,3,4,38.64,울산 남구,119-1,31140,10,,
"33,000",중개거래,1990,2022,달동,달동현대1,3,4,71.67,울산 남구,1352-5,31140,7,22.04.18,O
"33,000",중개거래,1990,2022,달동,달동현대1,3,4,71.67,울산 남구,1352-5,31140,7,,
"42,500",중개거래,1991,2022,달동,삼산선경,3,5,119.09,울산 남구,1330-1,31140,6,,
"29,000",중개거래,1999,2022,달동,달동SKVIEW,3,7,59.76,울산 남구,809-1,31140,7,,
"24,300",중개거래,1995,2022,달동,현대3차,3,7,59.89,울산 남구,1371-1,31140,11,,
"23,300",중개거래,1993,2022,달동,달동주공1단지,3,9,51.66,울산 남구,118-3,31140,9,,
"23,500",중개거래,1990,2022,달동,현우골든,3,10,84.925,울산 남구,1351-1,31140,8,,
"31,000",중개거래,1991,2022,달동,삼산선경,3,11,84.975,울산 남구,1330-1,31140,3,,
"23,950",중개거래,1995,2022,달동,현대3차,3,12,59.89,울산 남구,1371-1,31140,8,,
"34,700",중개거래,1995,2022,달동,현대3차,3,12,84.99,울산 남구,1371-1,31140,10,,
"35,300",중개거래,1998,2022,달동,달동우방맨션,3,14,84.98,울산 남구,1395-13,31140,10,,
"67,000",중개거래,2017,2022,달동,번영로코아루더클래식,3,14,84.9228,울산 남구,578-1,31140,31,,
"18,900",중개거래,1993,2022,달동,달동주공1단지,3,15,41.85,울산 남구,118-3,31140,14,,
"27,500",중개거래,1993,2022,달동,달동주공1단지,3,15,59.97,울산 남구,118-3,31140,14,,
"29,900",중개거래,1994,2022,달동,현대하이얏트,3,18,84.8455,울산 남구,1403-1,31140,18,,
"38,300",중개거래,1999,2022,달동,어울림,3,19,84.975,울산 남구,775-6,31140,4,,
"34,700",중개거래,1995,2022,달동,현대3차,3,19,84.99,울산 남구,1371-1,31140,9,,
"32,000",중개거래,1991,2022,달동,달동현대,3,21,84.74,울산 남구,1352-4,31140,6,,
"24,500",중개거래,1993,2022,달동,달동주공1단지,3,22,51.66,울산 남구,118-3,31140,7,,
"27,000",중개거래,1993,2022,달동,달동주공1단지,3,23,58.65,울산 남구,118-3,31140,11,,
"18,600",중개거래,1993,2022,달동,달동주공2단지,3,24,44.94,울산 남구,119-1,31140,5,,
"18,350",중개거래,1993,2022,달동,달동주공1단지,3,25,41.85,울산 남구,118-3,31140,8,,
"22,800",중개거래,1995,2022,달동,현대3차,3,28,59.89,울산 남구,1371-1,31140,9,,
"18,500",중개거래,1993,2022,달동,달동주공1단지,3,28,41.85,울산 남구,118-3,31140,9,,
"34,700",중개거래,1991,2022,달동,삼산선경,3,28,84.975,울산 남구,1330-1,31140,22,,
"9,300",중개거래,2013,2022,달동,달동삼정그린코아,3,28,30.8,울산 남구,632-1,31140,3,,
"21,500",중개거래,1990,2022,달동,현우골든,3,29,84.925,울산 남구,1351-1,31140,1,,
"23,900",중개거래,1993,2022,달동,달동주공1단지,3,31,51.66,울산 남구,118-3,31140,4,,
"24,900",중개거래,1997,2022,삼산동,세양청구마을,3,5,59.98,"울산 남구, 울산 동구",172-1,31140,21,,
"31,100",중개거래,1995,2022,삼산동,평창현대3차아파트,3,5,59.95,울산 남구,1538-2,31140,6,,
"26,500",중개거래,1997,2022,삼산동,세양청구마을,3,6,59.98,울산 남구,172-1,31140,23,,
"18,500",중개거래,2016,2022,삼산동,세원WE아파트,3,12,45.7734,울산 남구,1537-16,31140,4,,
"17,500",중개거래,1996,2022,삼산동,현대문화1차,3,13,59.76,울산 남구,1605-3,31140,9,,
"67,000",중개거래,2005,2022,삼산동,아데라움,3,18,136.296,울산 남구,182-1,31140,9,,
"31,400",중개거래,1995,2022,삼산동,평창현대3차아파트,3,22,59.95,울산 남구,1538-2,31140,7,,
"38,000",중개거래,1997,2022,삼산동,세양청구마을,3,22,84.99,울산 남구,172-1,31140,16,,
"17,700",중개거래,1996,2022,삼산동,현대문화1차,3,22,59.76,울산 남구,1605-3,31140,10,,
"25,750",중개거래,1997,2022,삼산동,세양청구마을,3,26,59.98,울산 남구,172-1,31140,19,,
"17,000",중개거래,1996,2022,삼산동,현대문화1차,3,27,59.76,울산 남구,1605-3,31140,22,,
"19,000",직거래,2016,2022,삼산동,세원WE아파트,3,28,45.7734,,1537-16,31140,6,,
"35,000",중개거래,1991,2022,삼산동,삼신현대,3,29,84.96,울산 남구,1461-3,31140,15,,
"16,600",중개거래,1998,2022,삼산동,현대문화2차,3,30,59.76,울산 남구,1607-1,31140,17,,
"59,500",중개거래,2010,2022,삼산동,삼산동대성스카이렉스,3,30,139.8,울산 남구,1564-1,31140,36,,
"58,500",중개거래,1990,2022,삼산동,삼산현대,3,30,84.99,울산 남구,1459-1,31140,8,,
"14,500",중개거래,1992,2022,야음동,무룡,3,1,82.98,울산 남구,564-9,31140,1,,
"62,000",중개거래,2018,2022,야음동,대현더샵,3,1,68.632,울산 남구,911,31140,7,,
"52,200",중개거래,2004,2022,야음동,쌍용스윗닷홈,3,2,75.548,울산 남구,789-105,31140,8,,
"39,000",중개거래,1999,2022,야음동,신정현대홈타운2,3,3,84.96,울산 남구,594-10,31140,3,,
"12,000",직거래,1980,2022,야음동,에덴,3,4,54.54,,산124-4,31140,2,,
"32,650",중개거래,1996,2022,야음동,동부2,3,4,59.64,울산 남구,789-6,31140,9,,
"15,800",중개거래,1985,2022,야음동,보라,3,6,65.09,울산 남구,490-2,31140,3,,
"43,200",중개거래,1999,2022,야음동,신정현대홈타운1,3,6,84.96,"대구 수성구, 울산 남구",594-37,31140,22,,
"64,800",중개거래,2018,2022,야음동,대현더샵,3,7,68.632,울산 남구,911,31140,2,,
"19,000",중개거래,1999,2022,야음동,신정현대홈타운2,3,7,40.8,울산 남구,594-10,31140,15,,
"18,500",중개거래,1989,2022,야음동,태양한신2,3,8,81.945,울산 남구,564-2,31140,2,,
"40,500",중개거래,1999,2022,야음동,신정현대홈타운1,3,9,81.87,울산 남구,594-37,31140,6,,
"34,000",중개거래,1999,2022,야음동,신정현대홈타운2,3,12,59.97,울산 남구,594-10,31140,15,,
"27,600",중개거래,1999,2022,야음동,신정현대홈타운2,3,13,59.97,울산 남구,594-10,31140,6,,
"9,150",중개거래,1999,2022,야음동,그랜드타운,3,14,41.25,울산 남구,868-3,31140,14,,
"35,000",중개거래,1996,2022,야음동,동부2,3,22,59.64,울산 남구,789-6,31140,12,,
"39,500",중개거래,2008,2022,야음동,롯데캐슬골드2단지,3,23,59.98,울산 남구,878,31140,15,,
"89,500",중개거래,2018,2022,야음동,대현더샵,3,23,84.914,울산 남구,911,31140,29,,
"23,000",중개거래,1989,2022,야음동,우방유화맨션,3,23,84.67,울산 남구,564-4,31140,5,,
"42,750",중개거래,1999,2022,야음동,신정현대홈타운2,3,23,84.96,울산 남구,594-10,31140,14,,
"68,500",중개거래,2017,2022,야음동,울산번영로두산위브,3,26,84.537,울산 남구,910,31140,7,,
"65,500",중개거래,2018,2022,야음동,대현더샵,3,26,68.998,울산 남구,911,31140,13,,
"12,500",중개거래,2014,2022,야음동,동광모닝스카이,3,28,39.041,울산 남구,832-3,31140,18,,
"44,700",중개거래,1995,2022,야음동,동부1,3,28,84.93,울산 남구,789-6,31140,9,,
"59,000",중개거래,2004,2022,야음동,쌍용스윗닷홈,3,28,84.97,울산 남구,789-105,31140,3,,
"17,150",중개거래,1999,2022,야음동,신정현대홈타운1,3,30,40.8,울산 남구,594-37,31140,12,,
"16,500",중개거래,1993,2022,야음동,한라하이타운,3,30,59.4,울산 남구,538-1,31140,10,22.04.04,O
"16,500",중개거래,1993,2022,야음동,한라하이타운,3,30,59.4,울산 남구,538-1,31140,10,,
"44,800",중개거래,2008,2022,야음동,롯데캐슬골드1단지,3,30,74.93,울산 남구,878,31140,15,,
"36,700",중개거래,1999,2022,야음동,신정현대홈타운2,3,31,81.87,울산 남구,594-10,31140,20,,
"20,000",중개거래,2003,2022,야음동,삼한힐파크,3,31,59.96,울산 남구,383-1,31140,5,,
"14,500",중개거래,1990,2022,선암동,아성타워맨션,3,4,82.93,울산 남구,679-2,31140,13,,
"13,900",중개거래,1990,2022,선암동,진원그랜즈,3,5,69.58,울산 남구,640,31140,5,,
"13,000",중개거래,1989,2022,선암동,한신청실맨션,3,5,60.87,울산 남구,677-6,31140,9,,
"31,800",중개거래,2015,2022,선암동,선암에코하이츠,3,7,59.9974,울산 남구,723,31140,16,,
"14,900",중개거래,1990,2022,선암동,진원그랜즈,3,11,74.14,울산 남구,640,31140,5,,
"12,000",직거래,2003,2022,선암동,남양그린빌,3,11,58.1788,,589-4,31140,3,,
"14,500",중개거래,1991,2022,선암동,강남파크맨션,3,14,72,울산 남구,626,31140,9,,
"10,250",중개거래,1992,2022,선암동,삼도가든맨션,3,18,59.12,"울산 남구, 울산 울주군",672-6,31140,7,,
"31,000",직거래,2015,2022,선암동,선암에코하이츠,3,25,59.9478,,723,31140,8,,
"16,000",중개거래,2003,2022,선암동,남양그린빌,3,27,58.1788,울산 남구,589-4,31140,6,,
"17,000",중개거래,1989,2022,선암동,우주그린가든,3,27,84.855,울산 남구,680-1,31140,11,,
"13,500",중개거래,1994,2022,선암동,SKVIEW,3,28,59.76,울산 남구,650,31140,3,,
"15,250",중개거래,2003,2022,선암동,남양그린빌,3,29,58.1788,울산 남구,589-4,31140,7,,
"8,300",중개거래,2002,2022,상개동,상개목화,3,31,48.8297,울산 남구,152-6,31140,10,,
"29,900",중개거래,1996,2022,무거동,무거한라2차,4,1,84.87,울산 남구,1538,31140,16,,
"28,900",중개거래,2000,2022,무거동,울산옥현1주공,4,2,59.89,울산 남구,477-1,31140,9,,
"14,900",중개거래,1996,2022,무거동,신복현대,4,2,59.76,울산 남구,1553,31140,3,,
"43,100",중개거래,2000,2022,무거동,울산옥현주공2,4,2,84.84,"울산 남구, 울산 중구",478-1,31140,3,,
"16,700",중개거래,1996,2022,무거동,신복현대,4,2,59.76,울산 울주군,1553,31140,4,,
"22,500",중개거래,1996,2022,무거동,굴화주공2,4,2,59.99,"울산 남구, 울산 울주군",276-1,31140,2,,
"19,400",중개거래,1997,2022,무거동,무거청구맨션,4,2,59.895,울산 울주군,1551,31140,17,,
"8,700",중개거래,1992,2022,무거동,삼호시영,4,3,39.9,울산 남구,1448-1,31140,2,,
"8,700",중개거래,1992,2022,무거동,삼호시영,4,3,39.9,울산 남구,1448-1,31140,2,22.04.12,O
"65,000",중개거래,2009,2022,무거동,무거동롯데캐슬,4,3,133.5245,울산 남구,1584,31140,4,,
"15,000",중개거래,1996,2022,무거동,신복현대,4,4,59.76,울산 남구,1553,31140,11,,
"17,500",중개거래,1995,2022,무거동,무거현대,4,6,62.88,울산 남구,832-2,31140,6,,
"16,000",중개거래,1996,2022,무거동,신복현대,4,6,59.76,울산 남구,1553,31140,17,,
"10,900",중개거래,1988,2022,무거동,남운그린힐,4,6,59.4,울산 남구,927-6,31140,7,,
"17,300",중개거래,1996,2022,무거동,동서그린맨션5,4,8,59.77,울산 남구,1549-2,31140,10,,
"25,000",중개거래,2000,2022,무거동,울산옥현1주공,4,8,59.89,울산 남구,477-1,31140,2,,
"24,500",중개거래,1995,2022,무거동,무거현대,4,9,84.96,울산 남구,832-2,31140,10,,
"25,650",중개거래,1995,2022,무거동,무거현대,4,10,84.96,울산 남구,832-2,31140,5,,
"35,400",중개거래,2014,2022,무거동,태화강서희스타힐스,4,13,73.849,울산 남구,1593,31140,16,,
"15,700",중개거래,1995,2022,무거동,무거현대,4,13,59.94,울산 남구,832-2,31140,10,,
"20,500",직거래,1989,2022,무거동,부성타워맨션,4,15,84.575,,220-1,31140,7,,
"25,900",중개거래,1995,2022,무거동,무거현대,4,16,84.96,울산 남구,832-2,31140,6,,
"17,000",중개거래,1997,2022,무거동,아성홈토피아,4,18,76.41,울산 남구,815-1,31140,9,,
"23,800",중개거래,1997,2022,무거동,굴화주공1,4,19,59.99,"울산 남구, 울산 울주군",275-1,31140,16,,
"22,500",중개거래,1997,2022,무거동,굴화주공1,4,19,59.99,울산 남구,275-1,31140,7,,
"28,000",중개거래,2000,2022,무거동,울산옥현1주공,4,19,59.89,울산 남구,477-1,31140,15,,
"28,300",중개거래,2005,2022,무거동,문수센트럴빌,4,20,84.8,울산 남구,625-12,31140,9,,
"24,000",중개거래,1997,2022,무거동,굴화주공1,4,20,59.99,울산 남구,275-1,31140,16,,
"23,800",중개거래,1997,2022,무거동,굴화주공1,4,20,59.99,울산 남구,275-1,31140,6,,
"16,200",중개거래,1996,2022,무거동,신복현대,4,21,59.76,울산 남구,1553,31140,11,,
"23,000",중개거래,1996,2022,무거동,동서그린맨션5,4,22,84.895,울산 남구,1549-2,31140,5,,
"17,800",중개거래,1996,2022,무거동,신복현대,4,22,59.76,울산 남구,1553,31140,21,,
"66,000",중개거래,2014,2022,무거동,무거동한신휴플러스,4,23,84.956,울산 남구,1603,31140,7,,
"75,000",중개거래,2013,2022,무거동,무거위브자이,4,23,119.617,울산 남구,1594,31140,10,,
"17,500",중개거래,1996,2022,무거동,무거한라1차,4,23,59.4,울산 남구,1535-1,31140,14,,
"39,900",중개거래,2004,2022,무거동,문수아이필,4,25,84.947,울산 남구,1005-17,31140,5,,
"16,000",직거래,1996,2022,무거동,신복현대,4,25,59.76,,1553,31140,19,,
"14,900",직거래,1996,2022,무거동,신복현대,4,25,59.76,,1553,31140,18,,
"15,300",직거래,1996,2022,무거동,신복현대,4,26,59.76,,1553,31140,1,,
"16,000",직거래,1996,2022,무거동,신복현대,4,26,59.76,,1553,31140,16,,
"17,000",중개거래,1991,2022,무거동,홍일유토피아,4,26,67.62,울산 남구,844-2,31140,7,,
"23,100",중개거래,1996,2022,무거동,굴화주공2,4,27,59.99,"울산 남구, 울산 울주군",276-1,31140,6,,
"28,300",중개거래,2000,2022,무거동,울산옥현주공2,4,27,59.89,울산 남구,478-1,31140,13,,
"16,500",중개거래,1988,2022,무거동,도원,4,29,63.65,울산 남구,841-2,31140,3,,
"27,200",중개거래,2000,2022,무거동,울산옥현1주공,4,30,59.89,울산 남구,477-1,31140,4,,
"16,150",중개거래,1996,2022,무거동,신복현대,4,30,59.76,울산 남구,1553,31140,6,,
"16,500",중개거래,1996,2022,무거동,신복현대,4,30,59.76,울산 남구,1553,31140,8,,
"19,400",중개거래,1996,2022,무거동,무거한라2차,4,30,59.95,울산 남구,1538,31140,13,,
"30,000",중개거래,1989,2022,옥동,서강파크(A~C동),4,1,84.24,울산 남구,185,31140,2,,
"27,000",중개거래,1993,2022,옥동,동성파크맨션,4,4,65.97,울산 남구,142-1,31140,4,,
"22,000",중개거래,1998,2022,옥동,금오그린,4,9,59.75,울산 남구,281-1,31140,8,,
"73,500",중개거래,1999,2022,옥동,옥동삼익,4,11,84.87,울산 남구,255-2,31140,15,,
"32,000",중개거래,1997,2022,옥동,옥동현대아파트1단지,4,12,84.506,울산 남구,182-9,31140,19,,
"30,000",중개거래,1987,2022,옥동,도성,4,13,50.25,울산 남구,1386,31140,5,,
"33,000",중개거래,1992,2022,옥동,대공원현대,4,15,68.715,울산 남구,129-6,31140,12,,
"48,500",중개거래,1989,2022,옥동,한양코아,4,15,84.63,울산 남구,196,31140,3,,
"47,500",중개거래,1992,2022,옥동,대공원현대,4,18,84.825,울산 남구,129-6,31140,1,,
"20,000",중개거래,1998,2022,옥동,금오그린,4,19,59.75,울산 남구,281-1,31140,6,,
"31,400",중개거래,1998,2022,옥동,금오그린,4,20,83.5,울산 남구,281-1,31140,5,,
"19,200",중개거래,1994,2022,옥동,한진전원1차,4,20,59.64,울산 남구,581-6,31140,1,,
"30,000",중개거래,1990,2022,옥동,그랜드파크,4,26,84.44,울산 남구,127-1,31140,1,,
"84,000",직거래,2006,2022,옥동,옥동롯데인벤스로얄,4,28,84.93,,191-69,31140,10,,
"23,000",중개거래,1991,2022,옥동,도성타운,4,28,60.435,울산 남구,1385-4,31140,9,,
"52,000",중개거래,2020,2022,두왕동,대공원호반베르디움2차,4,30,84.9801,울산 남구,747-2,31140,3,,
"32,000",중개거래,2001,2022,신정동,신정현대홈타운3,4,1,59.97,울산 남구,851-21,31140,4,,
"7,500",중개거래,2015,2022,신정동,유씨티,4,1,19.24,울산 남구,770-15,31140,10,,
"30,000",중개거래,2017,2022,신정동,신정펠리체하우스,4,4,84.8874,울산 남구,599-7,31140,2,,
"85,000",중개거래,2004,2022,신정동,디아채(101동),4,6,142.2988,울산 남구,1241-5,31140,8,,
"32,300",중개거래,2001,2022,신정동,신정현대홈타운4,4,6,59.97,울산 남구,851-20,31140,19,,
"27,500",중개거래,2017,2022,신정동,공간휴,4,7,84.52,울산 남구,581-9,31140,9,,
"22,500",직거래,2006,2022,신정동,웰빙파크빌,4,7,83.8849,,4-66,31140,6,,
"44,900",중개거래,2018,2022,신정동,신정지웰,4,7,84.9638,울산 남구,1911,31140,14,,
"65,000",중개거래,2011,2022,신정동,태화강풍림엑슬루타워,4,8,129.28,울산 남구,1880,31140,30,,
"33,000",중개거래,2001,2022,신정동,신정현대홈타운3,4,8,59.9,울산 남구,851-21,31140,20,,
"37,500",중개거래,1981,2022,신정동,은월,4,9,69.22,울산 남구,1563-39,31140,4,,
"40,500",중개거래,1985,2022,신정동,우주가든,4,10,77.56,울산 남구,1843-1,31140,6,,
"105,500",중개거래,2013,2022,신정동,문수로2차IPARK1단지,4,10,84.9424,울산 남구,1889,31140,15,,
"36,000",중개거래,2001,2022,신정동,신정현대홈타운3,4,11,81.96,울산 남구,851-21,31140,21,,
"35,000",중개거래,2005,2022,신정동,임창베네시안,4,11,84.91,울산 남구,1211-7,31140,9,,
"7,500",중개거래,2015,2022,신정동,유씨티,4,12,20.43,울산 남구,770-15,31140,12,,
"23,000",중개거래,1990,2022,신정동,영보가든,4,13,84.93,울산 남구,942-10,31140,4,,
"30,000",직거래,2014,2022,신정동,남경아델리,4,13,83.1719,,1171-17,31140,18,,
"20,000",중개거래,2001,2022,신정동,수암타워,4,14,59.53,울산 남구,858-1,31140,5,,
"68,750",중개거래,1979,2022,신정동,삼우,4,15,71.67,울산 남구,949-1,31140,4,,
"31,800",중개거래,2001,2022,신정동,신정현대홈타운3,4,15,59.97,울산 남구,851-21,31140,20,,
"38,000",중개거래,1985,2022,신정동,우주가든,4,16,77.56,울산 남구,1843-1,31140,6,,
"48,900",중개거래,2000,2022,신정동,한울남산빌리지,4,17,84.855,울산 남구,1581-10,31140,5,,
"43,000",중개거래,2019,2022,신정동,신정동풀비체,4,18,84.6979,울산 남구,547-8,31140,17,,
"46,000",중개거래,2016,2022,신정동,양우내안애팰리스,4,18,84.838,울산 남구,1903,31140,11,,
"25,000",중개거래,2016,2022,신정동,힐그린뷰,4,19,84.3152,울산 남구,1133-8,31140,2,,
"70,000",직거래,2011,2022,신정동,강변센트럴하이츠,4,19,140.007,,319,31140,4,,
"67,000",중개거래,2012,2022,신정동,울산신정푸르지오,4,20,84.9569,울산 남구,318,31140,16,,
"33,500",중개거래,2001,2022,신정동,신정현대홈타운3,4,20,59.97,울산 남구,851-21,31140,18,,
"35,000",중개거래,2005,2022,신정동,임창베네시안,4,21,84.63,울산 남구,1211-7,31140,14,,
"8,000",중개거래,2014,2022,신정동,공업탑하트랜드,4,21,23.14,울산 남구,726-3,31140,17,,
"28,300",중개거래,2018,2022,신정동,행운파크,4,22,84.5161,울산 남구,510-3,31140,3,,
"27,900",중개거래,1986,2022,신정동,올림푸스,4,22,55.47,울산 남구,1824-3,31140,4,,
"58,000",중개거래,2011,2022,신정동,태화강풍림엑슬루타워,4,23,132.52,울산 남구,1880,31140,12,,
"24,400",중개거래,2006,2022,신정동,남경노블랜드,4,23,84.7864,울산 남구,58-5,31140,2,,
"33,500",중개거래,2018,2022,신정동,금광예다움,4,23,81.58,"울산 남구, 울산 중구",584-5,31140,6,,
"33,500",중개거래,2018,2022,신정동,금광예다움,4,23,81.58,울산 남구,584-5,31140,6,22.04.26,O
"49,000",중개거래,1988,2022,신정동,올림푸스골든(1656-1),4,24,84.61,울산 남구,1656-1,31140,10,,
"55,500",중개거래,2010,2022,신정동,두산위브더제니스,4,25,120.6604,울산 남구,1877,31140,18,,
"7,600",중개거래,2015,2022,신정동,유씨티,4,26,21.81,울산 남구,770-15,31140,11,,
"131,000",중개거래,2008,2022,신정동,대공원월드메르디앙,4,28,153.8792,울산 남구,1868,31140,12,,
"48,000",중개거래,2001,2022,신정동,신정현대홈타운4,4,30,84.96,울산 남구,851-20,31140,7,,
"53,800",중개거래,2017,2022,달동,번영로코아루더클래식,4,1,81.9035,울산 남구,578-1,31140,28,,
"17,200",중개거래,2001,2022,달동,롯데빌라트,4,1,75.6,울산 남구,1281-6,31140,6,,
"9,850",중개거래,2013,2022,달동,달동삼정그린코아,4,2,30.8,울산 남구,632-1,31140,6,,
"10,000",중개거래,2013,2022,달동,달동삼정그린코아,4,2,30.8,울산 남구,632-1,31140,9,,
"10,000",중개거래,2013,2022,달동,달동삼정그린코아,4,2,30.8,울산 남구,632-1,31140,7,,
"22,900",중개거래,2019,2022,달동,달동보경하얏트,4,2,82.93,울산 남구,629-22,31140,3,,
"33,500",중개거래,1991,2022,달동,삼산선경,4,5,84.975,울산 남구,1330-1,31140,20,,
"61,500",중개거래,2015,2022,달동,울산센트럴자이,4,5,84.505,울산 남구,1364-1,31140,22,,
"18,200",중개거래,1993,2022,달동,달동주공1단지,4,5,41.85,울산 남구,118-3,31140,13,,
"26,800",중개거래,2018,2022,달동,경남팰리스,4,6,75.58,울산 남구,639-7,31140,13,,
"28,200",중개거래,1991,2022,달동,삼산선경,4,6,76.23,울산 남구,1330-1,31140,13,,
"18,400",중개거래,2001,2022,달동,한사랑빌라,4,6,84.17,울산 남구,635-10,31140,4,,
"57,000",중개거래,2017,2022,달동,번영로코아루더클래식,4,7,84.5542,울산 남구,578-1,31140,11,,
"20,200",중개거래,1995,2022,달동,현대3차,4,7,59.89,울산 남구,1371-1,31140,1,,
"20,000",중개거래,1991,2022,달동,달동현대,4,9,54.66,울산 남구,1352-4,31140,5,,
"34,500",중개거래,1991,2022,달동,삼산선경,4,9,84.975,울산 남구,1330-1,31140,18,,
"25,000",중개거래,1997,2022,달동,달동삼성1,4,9,59.88,울산 남구,758-2,31140,18,,
"10,000",중개거래,2013,2022,달동,달동삼정그린코아,4,9,30.8,울산 남구,632-1,31140,10,,
"22,700",중개거래,1994,2022,달동,동서4,4,11,59.82,울산 남구,1389-4,31140,2,,
"23,500",직거래,1992,2022,달동,삼산선경,4,15,73.8,,1330-1,31140,2,,
"29,800",중개거래,1991,2022,달동,삼산선경,4,15,76.23,울산 남구,1330-1,31140,11,,
"36,900",중개거래,1991,2022,달동,삼산선경,4,17,84.975,울산 남구,1330-1,31140,15,,
"10,000",중개거래,2013,2022,달동,달동삼정그린코아,4,18,30.8,울산 남구,632-1,31140,14,,
"18,500",중개거래,1993,2022,달동,달동주공1단지,4,21,41.85,울산 남구,118-3,31140,13,,
"48,700",중개거래,2009,2022,달동,삼환아르누보,4,22,117.54,울산 남구,1412,31140,19,,
"17,000",중개거래,1993,2022,달동,달동주공2단지,4,25,38.64,울산 남구,119-1,31140,13,,
"48,500",중개거래,2008,2022,달동,달동월드메르디앙,4,25,84.9453,울산 남구,1411,31140,8,,
"9,400",중개거래,2013,2022,달동,달동삼정그린코아,4,28,30.8,울산 남구,632-1,31140,3,,
"10,000",중개거래,2013,2022,달동,달동삼정그린코아,4,28,32.19,울산 남구,632-1,31140,5,22.05.02,O
"35,000",중개거래,2004,2022,삼산동,대우푸르지오,4,2,59.9303,울산 남구,1529-2,31140,13,,
"16,700",중개거래,1996,2022,삼산동,현대문화1차,4,4,59.76,울산 남구,1605-3,31140,17,,
"24,300",중개거래,1997,2022,삼산동,세양청구마을,4,6,59.98,울산 남구,172-1,31140,11,,
"70,500",중개거래,1990,2022,삼산동,삼산현대,4,7,153.74,울산 남구,1459-1,31140,1,,
"51,500",중개거래,2010,2022,삼산동,한화꿈에그린2단지,4,8,84.9949,울산 남구,324-17,31140,2,,
"54,300",중개거래,2010,2022,삼산동,한화꿈에그린1단지,4,8,84.9949,울산 남구,324-15,31140,15,,
"23,300",중개거래,1997,2022,삼산동,세양청구마을,4,9,59.98,울산 남구,172-1,31140,6,,
"17,000",중개거래,1998,2022,삼산동,현대문화2차,4,10,59.76,울산 남구,1607-1,31140,6,,
"56,500",중개거래,2010,2022,삼산동,삼산동대성스카이렉스,4,12,139.8,울산 남구,1564-1,31140,23,,
"15,000",직거래,1996,2022,삼산동,현대문화1차,4,13,59.76,,1605-3,31140,24,,
"40,000",중개거래,1991,2022,삼산동,삼신현대,4,13,84.96,울산 남구,1461-3,31140,11,,
"25,500",중개거래,1997,2022,삼산동,세양청구마을,4,14,59.98,울산 남구,172-1,31140,15,,
"17,000",직거래,1996,2022,삼산동,현대문화1차,4,14,59.76,,1605-3,31140,6,,
"38,000",중개거래,1991,2022,삼산동,삼신현대,4,15,84.96,울산 남구,1461-3,31140,2,,
"26,500",중개거래,1997,2022,삼산동,세양청구마을,4,16,59.98,울산 남구,172-1,31140,14,,
"16,350",중개거래,1996,2022,삼산동,현대문화1차,4,19,59.76,울산 남구,1605-3,31140,2,,
"53,500",중개거래,2005,2022,삼산동,아데라움,4,19,84.9991,울산 남구,182-1,31140,8,,
"23,600",중개거래,1997,2022,삼산동,세양청구마을,4,19,59.98,울산 남구,172-1,31140,3,,
"15,500",중개거래,1998,2022,삼산동,현대문화2차,4,20,59.76,울산 남구,1607-1,31140,2,,
"24,500",중개거래,1997,2022,삼산동,세양청구마을,4,21,59.98,울산 남구,172-1,31140,23,,
"33,800",중개거래,1997,2022,삼산동,세양청구마을,4,23,84.99,울산 남구,172-1,31140,9,,
"16,700",중개거래,1998,2022,삼산동,현대문화2차,4,25,59.76,"울산 남구, 울산 북구",1607-1,31140,19,,
"18,000",중개거래,1996,2022,삼산동,현대문화1차,4,27,59.76,울산 남구,1605-3,31140,6,,
"25,400",중개거래,1994,2022,야음동,한라하이타운,4,1,83.91,울산 남구,538-1,31140,11,,
"45,000",중개거래,1996,2022,야음동,동부2,4,1,84.93,울산 남구,789-6,31140,6,,
"67,000",중개거래,2018,2022,야음동,대현더샵,4,2,68.632,"울산 남구, 울산 중구",911,31140,7,,
"23,000",중개거래,1989,2022,야음동,신선파크,4,2,82.59,울산 남구,755-10,31140,2,,
"15,000",중개거래,1995,2022,야음동,신선,4,4,46.53,울산 남구,796-17,31140,11,,
"85,000",중개거래,2018,2022,야음동,대현더샵,4,5,84.914,울산 남구,911,31140,24,,
"54,000",중개거래,2008,2022,야음동,롯데캐슬골드1단지,4,6,84.96,울산 남구,878,31140,6,,
"16,300",중개거래,1994,2022,야음동,한라하이타운,4,7,59.4,울산 남구,538-1,31140,11,,
"58,500",중개거래,2008,2022,야음동,롯데캐슬골드1단지,4,8,84.96,울산 남구,878,31140,21,,
"31,900",중개거래,1999,2022,야음동,신정현대홈타운2,4,9,59.97,"울산 남구, 울산 중구",594-10,31140,22,,
"46,700",중개거래,2004,2022,야음동,일동미라주,4,9,84.7489,"울산 남구, 울산 울주군",725-1,31140,12,,
"60,300",중개거래,2004,2022,야음동,쌍용스윗닷홈,4,11,84.97,울산 남구,789-105,31140,10,,
"27,000",직거래,2008,2022,야음동,지산오차드힐,4,11,84.9487,,455-4,31140,8,,
"31,000",중개거래,1989,2022,야음동,우방유화맨션,4,11,84.67,울산 남구,564-4,31140,13,,
"15,000",직거래,1993,2022,야음동,한라하이타운,4,12,59.4,,538-1,31140,7,,
"14,750",중개거래,2014,2022,야음동,동광모닝스카이,4,13,49.872,울산 남구,832-3,31140,16,,
"83,500",중개거래,2018,2022,야음동,대현더샵,4,13,84.914,울산 남구,911,31140,11,,
"67,500",중개거래,2018,2022,야음동,대현더샵,4,13,68.632,울산 남구,911,31140,12,,
"32,500",중개거래,1999,2022,야음동,신정현대홈타운2,4,13,59.97,울산 남구,594-10,31140,16,,
"16,000",중개거래,1993,2022,야음동,한라하이타운,4,13,59.4,울산 남구,538-1,31140,1,,
"74,000",중개거래,2017,2022,야음동,울산번영로두산위브,4,14,84.912,울산 남구,910,31140,17,,
"12,650",중개거래,2014,2022,야음동,동광모닝스카이,4,15,39.041,울산 남구,832-3,31140,19,,
"47,100",중개거래,1996,2022,야음동,동부2,4,15,84.93,울산 남구,789-6,31140,14,,
"58,000",중개거래,2008,2022,야음동,롯데캐슬골드2단지,4,15,84.96,울산 남구,878,31140,12,,
"24,500",중개거래,1989,2022,야음동,우방유화맨션,4,16,84.67,울산 남구,564-4,31140,7,,
"34,000",중개거래,1999,2022,야음동,신정현대홈타운2,4,16,59.97,울산 남구,594-10,31140,16,,
"27,000",중개거래,1994,2022,야음동,한라선경그린,4,17,84.9393,울산 남구,725-13,31140,11,,
"12,700",중개거래,2014,2022,야음동,동광모닝스카이,4,18,39.041,울산 남구,832-3,31140,17,,
"65,700",중개거래,2008,2022,야음동,롯데캐슬골드2단지,4,18,116.82,울산 남구,878,31140,21,,
"48,100",중개거래,1995,2022,야음동,동부1,4,19,84.93,울산 남구,789-6,31140,15,,
"14,400",중개거래,2014,2022,야음동,동광모닝스카이,4,19,49.872,울산 남구,832-3,31140,5,,
"50,000",직거래,2011,2022,야음동,대현동디아채,4,20,84.186,,885,31140,12,,
"32,500",중개거래,1996,2022,야음동,동부2,4,20,59.64,울산 남구,789-6,31140,10,,
"32,500",중개거래,1999,2022,야음동,신정현대홈타운2,4,20,59.97,울산 남구,594-10,31140,18,,
"41,200",중개거래,1999,2022,야음동,신정현대홈타운2,4,21,84.96,울산 남구,594-10,31140,22,,
"76,700",중개거래,2017,2022,야음동,울산번영로두산위브,4,22,84.912,울산 남구,910,31140,21,,
"23,300",중개거래,1991,2022,야음동,한라훼미리,4,23,84.94,울산 남구,730-6,31140,11,,
"16,700",직거래,1979,2022,야음동,고려,4,24,74.01,,695-65,31140,3,,
"70,000",중개거래,2018,2022,야음동,대현더샵,4,29,68.632,"울산 남구, 울산 북구",911,31140,28,,
"43,000",중개거래,1996,2022,야음동,동부2,4,30,84.93,울산 남구,789-6,31140,17,,
"25,000",중개거래,2018,2022,선암동,선암동아크리티공동주택,4,1,58.0697,울산 남구,730,31140,15,,
"34,500",중개거래,2008,2022,선암동,신선산휴먼빌,4,5,84.726,울산 남구,BL-29-1,31140,7,,
"14,980",중개거래,1989,2022,선암동,한신청실맨션,4,6,60.87,울산 남구,677-6,31140,12,,
"17,500",중개거래,1997,2022,선암동,선암동서광,4,6,74.98,울산 남구,559-12,31140,8,,
"32,000",중개거래,2015,2022,선암동,선암에코하이츠,4,7,59.9478,울산 남구,723,31140,11,,
"24,500",중개거래,2018,2022,선암동,선암동아크리티공동주택,4,7,58.0697,울산 남구,730,31140,2,,
"14,150",중개거래,1994,2022,선암동,SKVIEW,4,8,59.76,울산 남구,650,31140,1,,
"31,000",중개거래,2015,2022,선암동,선암에코하이츠,4,9,59.9478,울산 남구,723,31140,12,,
"12,400",중개거래,1989,2022,선암동,한신청실맨션,4,14,60.87,울산 남구,677-6,31140,6,,
"14,000",직거래,1989,2022,선암동,한신청실맨션,4,14,78.06,,677-6,31140,13,,
"14,300",중개거래,1994,2022,선암동,SKVIEW,4,21,59.76,울산 남구,650,31140,8,,
"10,900",중개거래,1990,2022,선암동,진원그랜즈,4,22,69.58,울산 남구,640,31140,3,,
"17,500",직거래,1997,2022,선암동,선암동서광,4,25,59.95,,559-12,31140,16,,
"18,300",중개거래,1990,2022,선암동,삼익세라믹,4,28,84.6,울산 남구,537-1,31140,7,,
"11,500",중개거래,1991,2022,선암동,강남파크맨션,4,30,63.99,울산 남구,626,31140,8,,
"13,500",직거래,2002,2022,상개동,상개목화,4,6,58.6933,,152-6,31140,15,,
"13,750",중개거래,2002,2022,상개동,상개목화,4,14,58.6933,울산 남구,152-6,31140,7,,
"9,180",중개거래,2002,2022,상개동,상개목화,4,28,48.8297,울산 남구,152-6,31140,8,,
"6,900",중개거래,1993,2022,장생포동,(주)태영화학사원,4,23,49.65,울산 남구,267-1,31140,2,,
"17,000",중개거래,2014,2022,매암동,한양아이클래스,4,9,66.93,울산 남구,1421,31140,13,,
